customer_id,first_name,last_name,email,city,age,gender,registered_at
1,Name_1,Surname_1,user1@shop.ru,Rostov,21,M,2022-01-01 00:00:00
2,Name_2,Surname_2,user2@shop.ru,Ufa,42,M,2022-01-01 12:00:00
3,Name_3,Surname_3,user3@shop.ru,Perm,34,M,2022-01-02 00:00:00
4,Name_4,Surname_4,user4@shop.ru,Rostov,23,F,2022-01-02 12:00:00
5,Name_5,Surname_5,user5@shop.ru,Moscow,36,M,2022-01-03 00:00:00
6,Name_6,Surname_6,user6@shop.ru,Perm,46,M,2022-01-03 12:00:00
7,Name_7,Surname_7,user7@shop.ru,SPB,44,F,2022-01-04 00:00:00
8,Name_8,Surname_8,user8@shop.ru,Perm,18,M,2022-01-04 12:00:00
9,Name_9,Surname_9,user9@shop.ru,SPB,60,M,2022-01-05 00:00:00
10,Name_10,Surname_10,user10@shop.ru,SPB,63,M,2022-01-05 12:00:00
11,Name_11,Surname_11,user11@shop.ru,Krasnodar,58,F,2022-01-06 00:00:00
12,Name_12,Surname_12,user12@shop.ru,Moscow,40,M,2022-01-06 12:00:00
13,Name_13,Surname_13,user13@shop.ru,Krasnodar,35,M,2022-01-07 00:00:00
14,Name_14,Surname_14,user14@shop.ru,Ufa,18,F,2022-01-07 12:00:00
15,Name_15,Surname_15,user15@shop.ru,Kazan,61,M,2022-01-08 00:00:00
16,Name_16,Surname_16,user16@shop.ru,Kazan,22,F,2022-01-08 12:00:00
17,Name_17,Surname_17,user17@shop.ru,Kazan,52,F,2022-01-09 00:00:00
18,Name_18,Surname_18,user18@shop.ru,Rostov,40,M,2022-01-09 12:00:00
19,Name_19,Surname_19,user19@shop.ru,Ufa,52,F,2022-01-10 00:00:00
20,Name_20,Surname_20,user20@shop.ru,NSK,57,M,2022-01-10 12:00:00
21,Name_21,Surname_21,user21@shop.ru,Volgograd,40,M,2022-01-11 00:00:00
22,Name_22,Surname_22,user22@shop.ru,Perm,32,F,2022-01-11 12:00:00
23,Name_23,Surname_23,user23@shop.ru,Volgograd,39,M,2022-01-12 00:00:00
24,Name_24,Surname_24,user24@shop.ru,NSK,20,M,2022-01-12 12:00:00
25,Name_25,Surname_25,user25@shop.ru,Rostov,64,M,2022-01-13 00:00:00
26,Name_26,Surname_26,user26@shop.ru,Ufa,58,M,2022-01-13 12:00:00
27,Name_27,Surname_27,user27@shop.ru,Ekb,43,M,2022-01-14 00:00:00
28,Name_28,Surname_28,user28@shop.ru,Ekb,64,F,2022-01-14 12:00:00
29,Name_29,Surname_29,user29@shop.ru,Perm,59,M,2022-01-15 00:00:00
30,Name_30,Surname_30,user30@shop.ru,NSK,48,M,2022-01-15 12:00:00
31,Name_31,Surname_31,user31@shop.ru,Krasnodar,20,M,2022-01-16 00:00:00
32,Name_32,Surname_32,user32@shop.ru,Moscow,34,F,2022-01-16 12:00:00
33,Name_33,Surname_33,user33@shop.ru,Rostov,56,M,2022-01-17 00:00:00
34,Name_34,Surname_34,user34@shop.ru,Ekb,62,M,2022-01-17 12:00:00
35,Name_35,Surname_35,user35@shop.ru,SPB,46,M,2022-01-18 00:00:00
36,Name_36,Surname_36,user36@shop.ru,Volgograd,47,F,2022-01-18 12:00:00
37,Name_37,Surname_37,user37@shop.ru,Moscow,37,M,2022-01-19 00:00:00
38,Name_38,Surname_38,user38@shop.ru,Rostov,27,M,2022-01-19 12:00:00
39,Name_39,Surname_39,user39@shop.ru,Ekb,19,M,2022-01-20 00:00:00
40,Name_40,Surname_40,user40@shop.ru,Ekb,22,M,2022-01-20 12:00:00
41,Name_41,Surname_41,user41@shop.ru,Volgograd,36,M,2022-01-21 00:00:00
42,Name_42,Surname_42,user42@shop.ru,NSK,24,M,2022-01-21 12:00:00
43,Name_43,Surname_43,user43@shop.ru,Rostov,27,F,2022-01-22 00:00:00
44,Name_44,Surname_44,user44@shop.ru,Moscow,46,F,2022-01-22 12:00:00
45,Name_45,Surname_45,user45@shop.ru,Rostov,61,F,2022-01-23 00:00:00
46,Name_46,Surname_46,user46@shop.ru,Rostov,45,M,2022-01-23 12:00:00
47,Name_47,Surname_47,user47@shop.ru,Ufa,57,F,2022-01-24 00:00:00
48,Name_48,Surname_48,user48@shop.ru,Moscow,46,M,2022-01-24 12:00:00
49,Name_49,Surname_49,user49@shop.ru,Perm,48,M,2022-01-25 00:00:00
50,Name_50,Surname_50,user50@shop.ru,Ufa,54,F,2022-01-25 12:00:00
51,Name_51,Surname_51,user51@shop.ru,Ufa,41,M,2022-01-26 00:00:00
52,Name_52,Surname_52,user52@shop.ru,Volgograd,47,M,2022-01-26 12:00:00
53,Name_53,Surname_53,user53@shop.ru,Ekb,64,F,2022-01-27 00:00:00
54,Name_54,Surname_54,user54@shop.ru,Kazan,23,F,2022-01-27 12:00:00
55,Name_55,Surname_55,user55@shop.ru,Moscow,20,F,2022-01-28 00:00:00
56,Name_56,Surname_56,user56@shop.ru,Moscow,26,M,2022-01-28 12:00:00
57,Name_57,Surname_57,user57@shop.ru,Ekb,58,F,2022-01-29 00:00:00
58,Name_58,Surname_58,user58@shop.ru,Krasnodar,26,M,2022-01-29 12:00:00
59,Name_59,Surname_59,user59@shop.ru,Ekb,62,F,2022-01-30 00:00:00
60,Name_60,Surname_60,user60@shop.ru,NSK,54,F,2022-01-30 12:00:00
61,Name_61,Surname_61,user61@shop.ru,NSK,32,M,2022-01-31 00:00:00
62,Name_62,Surname_62,user62@shop.ru,Perm,55,F,2022-01-31 12:00:00
63,Name_63,Surname_63,user63@shop.ru,Krasnodar,36,M,2022-02-01 00:00:00
64,Name_64,Surname_64,user64@shop.ru,NSK,56,M,2022-02-01 12:00:00
65,Name_65,Surname_65,user65@shop.ru,NSK,43,F,2022-02-02 00:00:00
66,Name_66,Surname_66,user66@shop.ru,Ekb,50,F,2022-02-02 12:00:00
67,Name_67,Surname_67,user67@shop.ru,Ufa,51,F,2022-02-03 00:00:00
68,Name_68,Surname_68,user68@shop.ru,Rostov,22,F,2022-02-03 12:00:00
69,Name_69,Surname_69,user69@shop.ru,NSK,55,M,2022-02-04 00:00:00
70,Name_70,Surname_70,user70@shop.ru,Volgograd,35,M,2022-02-04 12:00:00
71,Name_71,Surname_71,user71@shop.ru,Ufa,42,F,2022-02-05 00:00:00
72,Name_72,Surname_72,user72@shop.ru,Volgograd,43,M,2022-02-05 12:00:00
73,Name_73,Surname_73,user73@shop.ru,Kazan,35,M,2022-02-06 00:00:00
74,Name_74,Surname_74,user74@shop.ru,Volgograd,48,F,2022-02-06 12:00:00
75,Name_75,Surname_75,user75@shop.ru,Rostov,63,F,2022-02-07 00:00:00
76,Name_76,Surname_76,user76@shop.ru,Rostov,48,M,2022-02-07 12:00:00
77,Name_77,Surname_77,user77@shop.ru,Ufa,63,F,2022-02-08 00:00:00
78,Name_78,Surname_78,user78@shop.ru,SPB,18,M,2022-02-08 12:00:00
79,Name_79,Surname_79,user79@shop.ru,NSK,55,F,2022-02-09 00:00:00
80,Name_80,Surname_80,user80@shop.ru,Krasnodar,39,M,2022-02-09 12:00:00
81,Name_81,Surname_81,user81@shop.ru,Perm,33,F,2022-02-10 00:00:00
82,Name_82,Surname_82,user82@shop.ru,Moscow,28,M,2022-02-10 12:00:00
83,Name_83,Surname_83,user83@shop.ru,Kazan,23,M,2022-02-11 00:00:00
84,Name_84,Surname_84,user84@shop.ru,Ufa,27,F,2022-02-11 12:00:00
85,Name_85,Surname_85,user85@shop.ru,Kazan,36,F,2022-02-12 00:00:00
86,Name_86,Surname_86,user86@shop.ru,Kazan,37,F,2022-02-12 12:00:00
87,Name_87,Surname_87,user87@shop.ru,Ufa,19,M,2022-02-13 00:00:00
88,Name_88,Surname_88,user88@shop.ru,Moscow,59,M,2022-02-13 12:00:00
89,Name_89,Surname_89,user89@shop.ru,Perm,53,F,2022-02-14 00:00:00
90,Name_90,Surname_90,user90@shop.ru,Perm,47,M,2022-02-14 12:00:00
91,Name_91,Surname_91,user91@shop.ru,Kazan,52,F,2022-02-15 00:00:00
92,Name_92,Surname_92,user92@shop.ru,SPB,39,F,2022-02-15 12:00:00
93,Name_93,Surname_93,user93@shop.ru,Perm,51,F,2022-02-16 00:00:00
94,Name_94,Surname_94,user94@shop.ru,Volgograd,33,F,2022-02-16 12:00:00
95,Name_95,Surname_95,user95@shop.ru,Ekb,58,F,2022-02-17 00:00:00
96,Name_96,Surname_96,user96@shop.ru,Kazan,23,M,2022-02-17 12:00:00
97,Name_97,Surname_97,user97@shop.ru,Rostov,37,M,2022-02-18 00:00:00
98,Name_98,Surname_98,user98@shop.ru,SPB,38,M,2022-02-18 12:00:00
99,Name_99,Surname_99,user99@shop.ru,Moscow,36,F,2022-02-19 00:00:00
100,Name_100,Surname_100,user100@shop.ru,Ekb,61,M,2022-02-19 12:00:00
101,Name_101,Surname_101,user101@shop.ru,Moscow,60,F,2022-02-20 00:00:00
102,Name_102,Surname_102,user102@shop.ru,Volgograd,19,F,2022-02-20 12:00:00
103,Name_103,Surname_103,user103@shop.ru,Ekb,24,M,2022-02-21 00:00:00
104,Name_104,Surname_104,user104@shop.ru,Ufa,32,M,2022-02-21 12:00:00
105,Name_105,Surname_105,user105@shop.ru,Ufa,20,F,2022-02-22 00:00:00
106,Name_106,Surname_106,user106@shop.ru,Volgograd,63,F,2022-02-22 12:00:00
107,Name_107,Surname_107,user107@shop.ru,Krasnodar,56,M,2022-02-23 00:00:00
108,Name_108,Surname_108,user108@shop.ru,NSK,52,M,2022-02-23 12:00:00
109,Name_109,Surname_109,user109@shop.ru,Ekb,24,F,2022-02-24 00:00:00
110,Name_110,Surname_110,user110@shop.ru,Rostov,32,M,2022-02-24 12:00:00
111,Name_111,Surname_111,user111@shop.ru,SPB,22,M,2022-02-25 00:00:00
112,Name_112,Surname_112,user112@shop.ru,Perm,60,M,2022-02-25 12:00:00
113,Name_113,Surname_113,user113@shop.ru,Volgograd,57,M,2022-02-26 00:00:00
114,Name_114,Surname_114,user114@shop.ru,Ufa,23,F,2022-02-26 12:00:00
115,Name_115,Surname_115,user115@shop.ru,Volgograd,51,F,2022-02-27 00:00:00
116,Name_116,Surname_116,user116@shop.ru,Krasnodar,26,F,2022-02-27 12:00:00
117,Name_117,Surname_117,user117@shop.ru,NSK,32,F,2022-02-28 00:00:00
118,Name_118,Surname_118,user118@shop.ru,Ufa,36,F,2022-02-28 12:00:00
119,Name_119,Surname_119,user119@shop.ru,Volgograd,49,F,2022-03-01 00:00:00
120,Name_120,Surname_120,user120@shop.ru,Ufa,35,M,2022-03-01 12:00:00
121,Name_121,Surname_121,user121@shop.ru,Kazan,48,M,2022-03-02 00:00:00
122,Name_122,Surname_122,user122@shop.ru,Kazan,62,M,2022-03-02 12:00:00
123,Name_123,Surname_123,user123@shop.ru,Rostov,26,M,2022-03-03 00:00:00
124,Name_124,Surname_124,user124@shop.ru,Moscow,19,F,2022-03-03 12:00:00
125,Name_125,Surname_125,user125@shop.ru,SPB,48,M,2022-03-04 00:00:00
126,Name_126,Surname_126,user126@shop.ru,Volgograd,61,F,2022-03-04 12:00:00
127,Name_127,Surname_127,user127@shop.ru,Ekb,36,F,2022-03-05 00:00:00
128,Name_128,Surname_128,user128@shop.ru,Ufa,21,M,2022-03-05 12:00:00
129,Name_129,Surname_129,user129@shop.ru,Rostov,61,F,2022-03-06 00:00:00
130,Name_130,Surname_130,user130@shop.ru,Ekb,58,M,2022-03-06 12:00:00
131,Name_131,Surname_131,user131@shop.ru,Ufa,45,M,2022-03-07 00:00:00
132,Name_132,Surname_132,user132@shop.ru,SPB,48,M,2022-03-07 12:00:00
133,Name_133,Surname_133,user133@shop.ru,Moscow,53,M,2022-03-08 00:00:00
134,Name_134,Surname_134,user134@shop.ru,Perm,51,M,2022-03-08 12:00:00
135,Name_135,Surname_135,user135@shop.ru,Krasnodar,44,M,2022-03-09 00:00:00
136,Name_136,Surname_136,user136@shop.ru,NSK,24,F,2022-03-09 12:00:00
137,Name_137,Surname_137,user137@shop.ru,Ufa,56,F,2022-03-10 00:00:00
138,Name_138,Surname_138,user138@shop.ru,Ekb,48,M,2022-03-10 12:00:00
139,Name_139,Surname_139,user139@shop.ru,Volgograd,28,F,2022-03-11 00:00:00
140,Name_140,Surname_140,user140@shop.ru,NSK,50,M,2022-03-11 12:00:00
141,Name_141,Surname_141,user141@shop.ru,Kazan,27,F,2022-03-12 00:00:00
142,Name_142,Surname_142,user142@shop.ru,Ufa,47,M,2022-03-12 12:00:00
143,Name_143,Surname_143,user143@shop.ru,Krasnodar,46,M,2022-03-13 00:00:00
144,Name_144,Surname_144,user144@shop.ru,Ekb,47,F,2022-03-13 12:00:00
145,Name_145,Surname_145,user145@shop.ru,SPB,53,F,2022-03-14 00:00:00
146,Name_146,Surname_146,user146@shop.ru,Volgograd,51,M,2022-03-14 12:00:00
147,Name_147,Surname_147,user147@shop.ru,NSK,37,M,2022-03-15 00:00:00
148,Name_148,Surname_148,user148@shop.ru,Ekb,52,F,2022-03-15 12:00:00
149,Name_149,Surname_149,user149@shop.ru,Ufa,33,F,2022-03-16 00:00:00
150,Name_150,Surname_150,user150@shop.ru,Kazan,38,F,2022-03-16 12:00:00
151,Name_151,Surname_151,user151@shop.ru,Moscow,42,M,2022-03-17 00:00:00
152,Name_152,Surname_152,user152@shop.ru,Kazan,61,M,2022-03-17 12:00:00
153,Name_153,Surname_153,user153@shop.ru,Rostov,32,F,2022-03-18 00:00:00
154,Name_154,Surname_154,user154@shop.ru,Krasnodar,38,F,2022-03-18 12:00:00
155,Name_155,Surname_155,user155@shop.ru,Krasnodar,29,F,2022-03-19 00:00:00
156,Name_156,Surname_156,user156@shop.ru,Kazan,20,M,2022-03-19 12:00:00
157,Name_157,Surname_157,user157@shop.ru,Kazan,53,M,2022-03-20 00:00:00
158,Name_158,Surname_158,user158@shop.ru,Volgograd,28,M,2022-03-20 12:00:00
159,Name_159,Surname_159,user159@shop.ru,Krasnodar,36,F,2022-03-21 00:00:00
160,Name_160,Surname_160,user160@shop.ru,Volgograd,57,M,2022-03-21 12:00:00
161,Name_161,Surname_161,user161@shop.ru,Moscow,40,M,2022-03-22 00:00:00
162,Name_162,Surname_162,user162@shop.ru,NSK,21,F,2022-03-22 12:00:00
163,Name_163,Surname_163,user163@shop.ru,Rostov,46,F,2022-03-23 00:00:00
164,Name_164,Surname_164,user164@shop.ru,Moscow,63,F,2022-03-23 12:00:00
165,Name_165,Surname_165,user165@shop.ru,Volgograd,60,F,2022-03-24 00:00:00
166,Name_166,Surname_166,user166@shop.ru,Ekb,59,M,2022-03-24 12:00:00
167,Name_167,Surname_167,user167@shop.ru,Perm,29,F,2022-03-25 00:00:00
168,Name_168,Surname_168,user168@shop.ru,Ekb,45,M,2022-03-25 12:00:00
169,Name_169,Surname_169,user169@shop.ru,Kazan,38,M,2022-03-26 00:00:00
170,Name_170,Surname_170,user170@shop.ru,Ufa,61,F,2022-03-26 12:00:00
171,Name_171,Surname_171,user171@shop.ru,Ufa,62,F,2022-03-27 00:00:00
172,Name_172,Surname_172,user172@shop.ru,Perm,63,M,2022-03-27 12:00:00
173,Name_173,Surname_173,user173@shop.ru,Krasnodar,46,F,2022-03-28 00:00:00
174,Name_174,Surname_174,user174@shop.ru,SPB,41,M,2022-03-28 12:00:00
175,Name_175,Surname_175,user175@shop.ru,Moscow,43,M,2022-03-29 00:00:00
176,Name_176,Surname_176,user176@shop.ru,Volgograd,43,M,2022-03-29 12:00:00
177,Name_177,Surname_177,user177@shop.ru,Krasnodar,34,F,2022-03-30 00:00:00
178,Name_178,Surname_178,user178@shop.ru,Ekb,61,M,2022-03-30 12:00:00
179,Name_179,Surname_179,user179@shop.ru,NSK,51,F,2022-03-31 00:00:00
180,Name_180,Surname_180,user180@shop.ru,Krasnodar,24,F,2022-03-31 12:00:00
181,Name_181,Surname_181,user181@shop.ru,Rostov,63,F,2022-04-01 00:00:00
182,Name_182,Surname_182,user182@shop.ru,Moscow,47,M,2022-04-01 12:00:00
183,Name_183,Surname_183,user183@shop.ru,NSK,38,M,2022-04-02 00:00:00
184,Name_184,Surname_184,user184@shop.ru,Krasnodar,29,M,2022-04-02 12:00:00
185,Name_185,Surname_185,user185@shop.ru,Volgograd,63,F,2022-04-03 00:00:00
186,Name_186,Surname_186,user186@shop.ru,SPB,33,F,2022-04-03 12:00:00
187,Name_187,Surname_187,user187@shop.ru,Rostov,26,M,2022-04-04 00:00:00
188,Name_188,Surname_188,user188@shop.ru,Volgograd,22,F,2022-04-04 12:00:00
189,Name_189,Surname_189,user189@shop.ru,NSK,46,F,2022-04-05 00:00:00
190,Name_190,Surname_190,user190@shop.ru,Moscow,48,M,2022-04-05 12:00:00
191,Name_191,Surname_191,user191@shop.ru,Krasnodar,32,M,2022-04-06 00:00:00
192,Name_192,Surname_192,user192@shop.ru,SPB,21,M,2022-04-06 12:00:00
193,Name_193,Surname_193,user193@shop.ru,Rostov,53,M,2022-04-07 00:00:00
194,Name_194,Surname_194,user194@shop.ru,Volgograd,58,M,2022-04-07 12:00:00
195,Name_195,Surname_195,user195@shop.ru,Ufa,39,F,2022-04-08 00:00:00
196,Name_196,Surname_196,user196@shop.ru,Volgograd,60,F,2022-04-08 12:00:00
197,Name_197,Surname_197,user197@shop.ru,Ufa,19,F,2022-04-09 00:00:00
198,Name_198,Surname_198,user198@shop.ru,Krasnodar,19,M,2022-04-09 12:00:00
199,Name_199,Surname_199,user199@shop.ru,Ufa,27,F,2022-04-10 00:00:00
200,Name_200,Surname_200,user200@shop.ru,SPB,43,M,2022-04-10 12:00:00
201,Name_201,Surname_201,user201@shop.ru,Perm,51,M,2022-04-11 00:00:00
202,Name_202,Surname_202,user202@shop.ru,Rostov,47,M,2022-04-11 12:00:00
203,Name_203,Surname_203,user203@shop.ru,Ekb,37,M,2022-04-12 00:00:00
204,Name_204,Surname_204,user204@shop.ru,Moscow,49,F,2022-04-12 12:00:00
205,Name_205,Surname_205,user205@shop.ru,Kazan,20,F,2022-04-13 00:00:00
206,Name_206,Surname_206,user206@shop.ru,Ufa,24,M,2022-04-13 12:00:00
207,Name_207,Surname_207,user207@shop.ru,Ufa,51,M,2022-04-14 00:00:00
208,Name_208,Surname_208,user208@shop.ru,Ufa,29,F,2022-04-14 12:00:00
209,Name_209,Surname_209,user209@shop.ru,SPB,54,M,2022-04-15 00:00:00
210,Name_210,Surname_210,user210@shop.ru,SPB,55,M,2022-04-15 12:00:00
211,Name_211,Surname_211,user211@shop.ru,Volgograd,23,M,2022-04-16 00:00:00
212,Name_212,Surname_212,user212@shop.ru,Moscow,27,F,2022-04-16 12:00:00
213,Name_213,Surname_213,user213@shop.ru,Perm,29,M,2022-04-17 00:00:00
214,Name_214,Surname_214,user214@shop.ru,Moscow,58,M,2022-04-17 12:00:00
215,Name_215,Surname_215,user215@shop.ru,Perm,43,M,2022-04-18 00:00:00
216,Name_216,Surname_216,user216@shop.ru,SPB,58,F,2022-04-18 12:00:00
217,Name_217,Surname_217,user217@shop.ru,Moscow,48,M,2022-04-19 00:00:00
218,Name_218,Surname_218,user218@shop.ru,NSK,63,F,2022-04-19 12:00:00
219,Name_219,Surname_219,user219@shop.ru,NSK,25,F,2022-04-20 00:00:00
220,Name_220,Surname_220,user220@shop.ru,NSK,33,M,2022-04-20 12:00:00
221,Name_221,Surname_221,user221@shop.ru,Kazan,39,F,2022-04-21 00:00:00
222,Name_222,Surname_222,user222@shop.ru,Volgograd,31,F,2022-04-21 12:00:00
223,Name_223,Surname_223,user223@shop.ru,Rostov,25,F,2022-04-22 00:00:00
224,Name_224,Surname_224,user224@shop.ru,Moscow,35,M,2022-04-22 12:00:00
225,Name_225,Surname_225,user225@shop.ru,Ufa,47,F,2022-04-23 00:00:00
226,Name_226,Surname_226,user226@shop.ru,NSK,39,M,2022-04-23 12:00:00
227,Name_227,Surname_227,user227@shop.ru,SPB,48,M,2022-04-24 00:00:00
228,Name_228,Surname_228,user228@shop.ru,Krasnodar,32,M,2022-04-24 12:00:00
229,Name_229,Surname_229,user229@shop.ru,Rostov,39,M,2022-04-25 00:00:00
230,Name_230,Surname_230,user230@shop.ru,Perm,36,F,2022-04-25 12:00:00
231,Name_231,Surname_231,user231@shop.ru,Rostov,45,F,2022-04-26 00:00:00
232,Name_232,Surname_232,user232@shop.ru,Ufa,46,M,2022-04-26 12:00:00
233,Name_233,Surname_233,user233@shop.ru,Volgograd,26,M,2022-04-27 00:00:00
234,Name_234,Surname_234,user234@shop.ru,NSK,58,M,2022-04-27 12:00:00
235,Name_235,Surname_235,user235@shop.ru,SPB,55,M,2022-04-28 00:00:00
236,Name_236,Surname_236,user236@shop.ru,NSK,21,F,2022-04-28 12:00:00
237,Name_237,Surname_237,user237@shop.ru,Ekb,52,F,2022-04-29 00:00:00
238,Name_238,Surname_238,user238@shop.ru,Ufa,55,M,2022-04-29 12:00:00
239,Name_239,Surname_239,user239@shop.ru,Moscow,40,M,2022-04-30 00:00:00
240,Name_240,Surname_240,user240@shop.ru,NSK,48,M,2022-04-30 12:00:00
241,Name_241,Surname_241,user241@shop.ru,Ekb,21,M,2022-05-01 00:00:00
242,Name_242,Surname_242,user242@shop.ru,Kazan,34,F,2022-05-01 12:00:00
243,Name_243,Surname_243,user243@shop.ru,Krasnodar,54,M,2022-05-02 00:00:00
244,Name_244,Surname_244,user244@shop.ru,NSK,28,M,2022-05-02 12:00:00
245,Name_245,Surname_245,user245@shop.ru,Ufa,21,M,2022-05-03 00:00:00
246,Name_246,Surname_246,user246@shop.ru,Ekb,49,M,2022-05-03 12:00:00
247,Name_247,Surname_247,user247@shop.ru,Kazan,46,F,2022-05-04 00:00:00
248,Name_248,Surname_248,user248@shop.ru,SPB,58,M,2022-05-04 12:00:00
249,Name_249,Surname_249,user249@shop.ru,Volgograd,18,M,2022-05-05 00:00:00
250,Name_250,Surname_250,user250@shop.ru,SPB,62,M,2022-05-05 12:00:00
251,Name_251,Surname_251,user251@shop.ru,Perm,59,M,2022-05-06 00:00:00
252,Name_252,Surname_252,user252@shop.ru,SPB,50,M,2022-05-06 12:00:00
253,Name_253,Surname_253,user253@shop.ru,SPB,56,F,2022-05-07 00:00:00
254,Name_254,Surname_254,user254@shop.ru,Moscow,29,M,2022-05-07 12:00:00
255,Name_255,Surname_255,user255@shop.ru,Ufa,33,F,2022-05-08 00:00:00
256,Name_256,Surname_256,user256@shop.ru,Krasnodar,39,M,2022-05-08 12:00:00
257,Name_257,Surname_257,user257@shop.ru,Krasnodar,63,F,2022-05-09 00:00:00
258,Name_258,Surname_258,user258@shop.ru,Ufa,57,M,2022-05-09 12:00:00
259,Name_259,Surname_259,user259@shop.ru,Krasnodar,34,F,2022-05-10 00:00:00
260,Name_260,Surname_260,user260@shop.ru,Moscow,48,M,2022-05-10 12:00:00
261,Name_261,Surname_261,user261@shop.ru,Moscow,61,M,2022-05-11 00:00:00
262,Name_262,Surname_262,user262@shop.ru,Perm,60,F,2022-05-11 12:00:00
263,Name_263,Surname_263,user263@shop.ru,Moscow,48,M,2022-05-12 00:00:00
264,Name_264,Surname_264,user264@shop.ru,Moscow,52,F,2022-05-12 12:00:00
265,Name_265,Surname_265,user265@shop.ru,Volgograd,40,M,2022-05-13 00:00:00
266,Name_266,Surname_266,user266@shop.ru,NSK,48,M,2022-05-13 12:00:00
267,Name_267,Surname_267,user267@shop.ru,NSK,33,M,2022-05-14 00:00:00
268,Name_268,Surname_268,user268@shop.ru,Rostov,32,F,2022-05-14 12:00:00
269,Name_269,Surname_269,user269@shop.ru,Moscow,63,F,2022-05-15 00:00:00
270,Name_270,Surname_270,user270@shop.ru,NSK,51,M,2022-05-15 12:00:00
271,Name_271,Surname_271,user271@shop.ru,Krasnodar,42,F,2022-05-16 00:00:00
272,Name_272,Surname_272,user272@shop.ru,SPB,24,F,2022-05-16 12:00:00
273,Name_273,Surname_273,user273@shop.ru,Ekb,37,F,2022-05-17 00:00:00
274,Name_274,Surname_274,user274@shop.ru,Volgograd,54,F,2022-05-17 12:00:00
275,Name_275,Surname_275,user275@shop.ru,Krasnodar,23,M,2022-05-18 00:00:00
276,Name_276,Surname_276,user276@shop.ru,Rostov,42,F,2022-05-18 12:00:00
277,Name_277,Surname_277,user277@shop.ru,Krasnodar,60,F,2022-05-19 00:00:00
278,Name_278,Surname_278,user278@shop.ru,NSK,61,M,2022-05-19 12:00:00
279,Name_279,Surname_279,user279@shop.ru,NSK,57,M,2022-05-20 00:00:00
280,Name_280,Surname_280,user280@shop.ru,Ufa,18,F,2022-05-20 12:00:00
281,Name_281,Surname_281,user281@shop.ru,Volgograd,39,M,2022-05-21 00:00:00
282,Name_282,Surname_282,user282@shop.ru,Kazan,29,F,2022-05-21 12:00:00
283,Name_283,Surname_283,user283@shop.ru,NSK,26,F,2022-05-22 00:00:00
284,Name_284,Surname_284,user284@shop.ru,Kazan,56,M,2022-05-22 12:00:00
285,Name_285,Surname_285,user285@shop.ru,Krasnodar,27,M,2022-05-23 00:00:00
286,Name_286,Surname_286,user286@shop.ru,Krasnodar,28,M,2022-05-23 12:00:00
287,Name_287,Surname_287,user287@shop.ru,Moscow,36,M,2022-05-24 00:00:00
288,Name_288,Surname_288,user288@shop.ru,Perm,33,F,2022-05-24 12:00:00
289,Name_289,Surname_289,user289@shop.ru,Perm,18,M,2022-05-25 00:00:00
290,Name_290,Surname_290,user290@shop.ru,SPB,44,M,2022-05-25 12:00:00
291,Name_291,Surname_291,user291@shop.ru,Perm,27,F,2022-05-26 00:00:00
292,Name_292,Surname_292,user292@shop.ru,Ufa,59,M,2022-05-26 12:00:00
293,Name_293,Surname_293,user293@shop.ru,SPB,39,M,2022-05-27 00:00:00
294,Name_294,Surname_294,user294@shop.ru,NSK,22,F,2022-05-27 12:00:00
295,Name_295,Surname_295,user295@shop.ru,Perm,42,M,2022-05-28 00:00:00
296,Name_296,Surname_296,user296@shop.ru,Moscow,50,F,2022-05-28 12:00:00
297,Name_297,Surname_297,user297@shop.ru,Kazan,41,M,2022-05-29 00:00:00
298,Name_298,Surname_298,user298@shop.ru,Kazan,40,M,2022-05-29 12:00:00
299,Name_299,Surname_299,user299@shop.ru,Ekb,56,M,2022-05-30 00:00:00
300,Name_300,Surname_300,user300@shop.ru,Ekb,24,M,2022-05-30 12:00:00
301,Name_301,Surname_301,user301@shop.ru,Moscow,23,M,2022-05-31 00:00:00
302,Name_302,Surname_302,user302@shop.ru,Ekb,61,F,2022-05-31 12:00:00
303,Name_303,Surname_303,user303@shop.ru,SPB,62,F,2022-06-01 00:00:00
304,Name_304,Surname_304,user304@shop.ru,Rostov,61,F,2022-06-01 12:00:00
305,Name_305,Surname_305,user305@shop.ru,Rostov,52,M,2022-06-02 00:00:00
306,Name_306,Surname_306,user306@shop.ru,NSK,33,M,2022-06-02 12:00:00
307,Name_307,Surname_307,user307@shop.ru,Volgograd,32,M,2022-06-03 00:00:00
308,Name_308,Surname_308,user308@shop.ru,Volgograd,20,F,2022-06-03 12:00:00
309,Name_309,Surname_309,user309@shop.ru,SPB,37,M,2022-06-04 00:00:00
310,Name_310,Surname_310,user310@shop.ru,Perm,47,F,2022-06-04 12:00:00
311,Name_311,Surname_311,user311@shop.ru,Kazan,30,M,2022-06-05 00:00:00
312,Name_312,Surname_312,user312@shop.ru,Volgograd,45,M,2022-06-05 12:00:00
313,Name_313,Surname_313,user313@shop.ru,Ekb,39,F,2022-06-06 00:00:00
314,Name_314,Surname_314,user314@shop.ru,SPB,44,F,2022-06-06 12:00:00
315,Name_315,Surname_315,user315@shop.ru,Ekb,46,F,2022-06-07 00:00:00
316,Name_316,Surname_316,user316@shop.ru,Krasnodar,60,M,2022-06-07 12:00:00
317,Name_317,Surname_317,user317@shop.ru,SPB,46,F,2022-06-08 00:00:00
318,Name_318,Surname_318,user318@shop.ru,Ufa,59,F,2022-06-08 12:00:00
319,Name_319,Surname_319,user319@shop.ru,NSK,63,F,2022-06-09 00:00:00
320,Name_320,Surname_320,user320@shop.ru,Kazan,30,M,2022-06-09 12:00:00
321,Name_321,Surname_321,user321@shop.ru,Kazan,49,F,2022-06-10 00:00:00
322,Name_322,Surname_322,user322@shop.ru,Moscow,20,F,2022-06-10 12:00:00
323,Name_323,Surname_323,user323@shop.ru,Kazan,20,M,2022-06-11 00:00:00
324,Name_324,Surname_324,user324@shop.ru,Ekb,37,F,2022-06-11 12:00:00
325,Name_325,Surname_325,user325@shop.ru,Moscow,37,F,2022-06-12 00:00:00
326,Name_326,Surname_326,user326@shop.ru,Perm,62,M,2022-06-12 12:00:00
327,Name_327,Surname_327,user327@shop.ru,Ekb,26,M,2022-06-13 00:00:00
328,Name_328,Surname_328,user328@shop.ru,Kazan,26,F,2022-06-13 12:00:00
329,Name_329,Surname_329,user329@shop.ru,Kazan,30,F,2022-06-14 00:00:00
330,Name_330,Surname_330,user330@shop.ru,NSK,60,M,2022-06-14 12:00:00
331,Name_331,Surname_331,user331@shop.ru,NSK,38,M,2022-06-15 00:00:00
332,Name_332,Surname_332,user332@shop.ru,Ekb,41,M,2022-06-15 12:00:00
333,Name_333,Surname_333,user333@shop.ru,Kazan,63,F,2022-06-16 00:00:00
334,Name_334,Surname_334,user334@shop.ru,Perm,35,F,2022-06-16 12:00:00
335,Name_335,Surname_335,user335@shop.ru,Perm,55,F,2022-06-17 00:00:00
336,Name_336,Surname_336,user336@shop.ru,NSK,23,M,2022-06-17 12:00:00
337,Name_337,Surname_337,user337@shop.ru,Kazan,37,F,2022-06-18 00:00:00
338,Name_338,Surname_338,user338@shop.ru,Rostov,46,M,2022-06-18 12:00:00
339,Name_339,Surname_339,user339@shop.ru,Rostov,40,M,2022-06-19 00:00:00
340,Name_340,Surname_340,user340@shop.ru,Rostov,44,M,2022-06-19 12:00:00
341,Name_341,Surname_341,user341@shop.ru,Volgograd,41,F,2022-06-20 00:00:00
342,Name_342,Surname_342,user342@shop.ru,SPB,27,M,2022-06-20 12:00:00
343,Name_343,Surname_343,user343@shop.ru,Kazan,27,F,2022-06-21 00:00:00
344,Name_344,Surname_344,user344@shop.ru,Perm,31,M,2022-06-21 12:00:00
345,Name_345,Surname_345,user345@shop.ru,Volgograd,63,M,2022-06-22 00:00:00
346,Name_346,Surname_346,user346@shop.ru,Moscow,18,M,2022-06-22 12:00:00
347,Name_347,Surname_347,user347@shop.ru,Kazan,33,F,2022-06-23 00:00:00
348,Name_348,Surname_348,user348@shop.ru,NSK,45,F,2022-06-23 12:00:00
349,Name_349,Surname_349,user349@shop.ru,Ufa,42,F,2022-06-24 00:00:00
350,Name_350,Surname_350,user350@shop.ru,NSK,32,F,2022-06-24 12:00:00
351,Name_351,Surname_351,user351@shop.ru,Moscow,51,M,2022-06-25 00:00:00
352,Name_352,Surname_352,user352@shop.ru,Ufa,35,F,2022-06-25 12:00:00
353,Name_353,Surname_353,user353@shop.ru,Krasnodar,48,M,2022-06-26 00:00:00
354,Name_354,Surname_354,user354@shop.ru,Ufa,27,M,2022-06-26 12:00:00
355,Name_355,Surname_355,user355@shop.ru,NSK,55,M,2022-06-27 00:00:00
356,Name_356,Surname_356,user356@shop.ru,Volgograd,22,F,2022-06-27 12:00:00
357,Name_357,Surname_357,user357@shop.ru,Moscow,40,M,2022-06-28 00:00:00
358,Name_358,Surname_358,user358@shop.ru,Ekb,34,M,2022-06-28 12:00:00
359,Name_359,Surname_359,user359@shop.ru,Volgograd,25,M,2022-06-29 00:00:00
360,Name_360,Surname_360,user360@shop.ru,Ekb,44,M,2022-06-29 12:00:00
361,Name_361,Surname_361,user361@shop.ru,Moscow,58,M,2022-06-30 00:00:00
362,Name_362,Surname_362,user362@shop.ru,NSK,50,F,2022-06-30 12:00:00
363,Name_363,Surname_363,user363@shop.ru,NSK,56,F,2022-07-01 00:00:00
364,Name_364,Surname_364,user364@shop.ru,NSK,41,M,2022-07-01 12:00:00
365,Name_365,Surname_365,user365@shop.ru,Kazan,44,M,2022-07-02 00:00:00
366,Name_366,Surname_366,user366@shop.ru,Volgograd,44,F,2022-07-02 12:00:00
367,Name_367,Surname_367,user367@shop.ru,Moscow,35,F,2022-07-03 00:00:00
368,Name_368,Surname_368,user368@shop.ru,Volgograd,62,F,2022-07-03 12:00:00
369,Name_369,Surname_369,user369@shop.ru,Rostov,26,M,2022-07-04 00:00:00
370,Name_370,Surname_370,user370@shop.ru,Volgograd,54,F,2022-07-04 12:00:00
371,Name_371,Surname_371,user371@shop.ru,Perm,46,M,2022-07-05 00:00:00
372,Name_372,Surname_372,user372@shop.ru,Volgograd,23,F,2022-07-05 12:00:00
373,Name_373,Surname_373,user373@shop.ru,Volgograd,27,M,2022-07-06 00:00:00
374,Name_374,Surname_374,user374@shop.ru,Ufa,26,M,2022-07-06 12:00:00
375,Name_375,Surname_375,user375@shop.ru,Ekb,49,M,2022-07-07 00:00:00
376,Name_376,Surname_376,user376@shop.ru,Volgograd,62,F,2022-07-07 12:00:00
377,Name_377,Surname_377,user377@shop.ru,Rostov,26,F,2022-07-08 00:00:00
378,Name_378,Surname_378,user378@shop.ru,NSK,61,M,2022-07-08 12:00:00
379,Name_379,Surname_379,user379@shop.ru,Volgograd,58,M,2022-07-09 00:00:00
380,Name_380,Surname_380,user380@shop.ru,Krasnodar,52,F,2022-07-09 12:00:00
381,Name_381,Surname_381,user381@shop.ru,Kazan,24,M,2022-07-10 00:00:00
382,Name_382,Surname_382,user382@shop.ru,SPB,55,M,2022-07-10 12:00:00
383,Name_383,Surname_383,user383@shop.ru,Volgograd,60,F,2022-07-11 00:00:00
384,Name_384,Surname_384,user384@shop.ru,Moscow,53,M,2022-07-11 12:00:00
385,Name_385,Surname_385,user385@shop.ru,Kazan,36,M,2022-07-12 00:00:00
386,Name_386,Surname_386,user386@shop.ru,Volgograd,58,F,2022-07-12 12:00:00
387,Name_387,Surname_387,user387@shop.ru,Kazan,23,F,2022-07-13 00:00:00
388,Name_388,Surname_388,user388@shop.ru,Ufa,26,M,2022-07-13 12:00:00
389,Name_389,Surname_389,user389@shop.ru,SPB,37,M,2022-07-14 00:00:00
390,Name_390,Surname_390,user390@shop.ru,Perm,57,M,2022-07-14 12:00:00
391,Name_391,Surname_391,user391@shop.ru,Krasnodar,30,M,2022-07-15 00:00:00
392,Name_392,Surname_392,user392@shop.ru,SPB,20,M,2022-07-15 12:00:00
393,Name_393,Surname_393,user393@shop.ru,Krasnodar,49,F,2022-07-16 00:00:00
394,Name_394,Surname_394,user394@shop.ru,Moscow,52,F,2022-07-16 12:00:00
395,Name_395,Surname_395,user395@shop.ru,Perm,39,F,2022-07-17 00:00:00
396,Name_396,Surname_396,user396@shop.ru,Volgograd,34,M,2022-07-17 12:00:00
397,Name_397,Surname_397,user397@shop.ru,Ekb,39,F,2022-07-18 00:00:00
398,Name_398,Surname_398,user398@shop.ru,NSK,59,M,2022-07-18 12:00:00
399,Name_399,Surname_399,user399@shop.ru,Volgograd,19,F,2022-07-19 00:00:00
400,Name_400,Surname_400,user400@shop.ru,Moscow,32,F,2022-07-19 12:00:00
401,Name_401,Surname_401,user401@shop.ru,Ekb,54,M,2022-07-20 00:00:00
402,Name_402,Surname_402,user402@shop.ru,Ekb,19,M,2022-07-20 12:00:00
403,Name_403,Surname_403,user403@shop.ru,Moscow,25,M,2022-07-21 00:00:00
404,Name_404,Surname_404,user404@shop.ru,SPB,49,M,2022-07-21 12:00:00
405,Name_405,Surname_405,user405@shop.ru,Ufa,44,F,2022-07-22 00:00:00
406,Name_406,Surname_406,user406@shop.ru,Moscow,44,M,2022-07-22 12:00:00
407,Name_407,Surname_407,user407@shop.ru,NSK,64,F,2022-07-23 00:00:00
408,Name_408,Surname_408,user408@shop.ru,Perm,57,M,2022-07-23 12:00:00
409,Name_409,Surname_409,user409@shop.ru,Kazan,30,M,2022-07-24 00:00:00
410,Name_410,Surname_410,user410@shop.ru,NSK,25,M,2022-07-24 12:00:00
411,Name_411,Surname_411,user411@shop.ru,SPB,33,M,2022-07-25 00:00:00
412,Name_412,Surname_412,user412@shop.ru,Moscow,38,M,2022-07-25 12:00:00
413,Name_413,Surname_413,user413@shop.ru,SPB,42,M,2022-07-26 00:00:00
414,Name_414,Surname_414,user414@shop.ru,SPB,57,M,2022-07-26 12:00:00
415,Name_415,Surname_415,user415@shop.ru,Perm,19,F,2022-07-27 00:00:00
416,Name_416,Surname_416,user416@shop.ru,Kazan,20,F,2022-07-27 12:00:00
417,Name_417,Surname_417,user417@shop.ru,Krasnodar,40,M,2022-07-28 00:00:00
418,Name_418,Surname_418,user418@shop.ru,Moscow,40,M,2022-07-28 12:00:00
419,Name_419,Surname_419,user419@shop.ru,Moscow,28,F,2022-07-29 00:00:00
420,Name_420,Surname_420,user420@shop.ru,Kazan,50,M,2022-07-29 12:00:00
421,Name_421,Surname_421,user421@shop.ru,Ufa,53,M,2022-07-30 00:00:00
422,Name_422,Surname_422,user422@shop.ru,Moscow,62,M,2022-07-30 12:00:00
423,Name_423,Surname_423,user423@shop.ru,Ufa,27,M,2022-07-31 00:00:00
424,Name_424,Surname_424,user424@shop.ru,NSK,29,F,2022-07-31 12:00:00
425,Name_425,Surname_425,user425@shop.ru,Kazan,19,M,2022-08-01 00:00:00
426,Name_426,Surname_426,user426@shop.ru,NSK,54,F,2022-08-01 12:00:00
427,Name_427,Surname_427,user427@shop.ru,Rostov,44,M,2022-08-02 00:00:00
428,Name_428,Surname_428,user428@shop.ru,Moscow,57,M,2022-08-02 12:00:00
429,Name_429,Surname_429,user429@shop.ru,Krasnodar,21,F,2022-08-03 00:00:00
430,Name_430,Surname_430,user430@shop.ru,Kazan,20,M,2022-08-03 12:00:00
431,Name_431,Surname_431,user431@shop.ru,SPB,50,M,2022-08-04 00:00:00
432,Name_432,Surname_432,user432@shop.ru,Kazan,51,M,2022-08-04 12:00:00
433,Name_433,Surname_433,user433@shop.ru,Volgograd,56,M,2022-08-05 00:00:00
434,Name_434,Surname_434,user434@shop.ru,Ufa,52,M,2022-08-05 12:00:00
435,Name_435,Surname_435,user435@shop.ru,NSK,24,F,2022-08-06 00:00:00
436,Name_436,Surname_436,user436@shop.ru,Perm,49,F,2022-08-06 12:00:00
437,Name_437,Surname_437,user437@shop.ru,Rostov,28,F,2022-08-07 00:00:00
438,Name_438,Surname_438,user438@shop.ru,Moscow,23,F,2022-08-07 12:00:00
439,Name_439,Surname_439,user439@shop.ru,Volgograd,55,F,2022-08-08 00:00:00
440,Name_440,Surname_440,user440@shop.ru,Krasnodar,51,M,2022-08-08 12:00:00
441,Name_441,Surname_441,user441@shop.ru,Volgograd,30,F,2022-08-09 00:00:00
442,Name_442,Surname_442,user442@shop.ru,Krasnodar,40,M,2022-08-09 12:00:00
443,Name_443,Surname_443,user443@shop.ru,Krasnodar,34,M,2022-08-10 00:00:00
444,Name_444,Surname_444,user444@shop.ru,Kazan,23,F,2022-08-10 12:00:00
445,Name_445,Surname_445,user445@shop.ru,Kazan,53,F,2022-08-11 00:00:00
446,Name_446,Surname_446,user446@shop.ru,Ekb,25,F,2022-08-11 12:00:00
447,Name_447,Surname_447,user447@shop.ru,Ekb,36,M,2022-08-12 00:00:00
448,Name_448,Surname_448,user448@shop.ru,Ufa,54,M,2022-08-12 12:00:00
449,Name_449,Surname_449,user449@shop.ru,SPB,52,M,2022-08-13 00:00:00
450,Name_450,Surname_450,user450@shop.ru,Volgograd,26,F,2022-08-13 12:00:00
451,Name_451,Surname_451,user451@shop.ru,Volgograd,35,M,2022-08-14 00:00:00
452,Name_452,Surname_452,user452@shop.ru,Kazan,18,F,2022-08-14 12:00:00
453,Name_453,Surname_453,user453@shop.ru,Ekb,26,F,2022-08-15 00:00:00
454,Name_454,Surname_454,user454@shop.ru,Krasnodar,55,F,2022-08-15 12:00:00
455,Name_455,Surname_455,user455@shop.ru,Volgograd,51,M,2022-08-16 00:00:00
456,Name_456,Surname_456,user456@shop.ru,Kazan,63,M,2022-08-16 12:00:00
457,Name_457,Surname_457,user457@shop.ru,Volgograd,44,M,2022-08-17 00:00:00
458,Name_458,Surname_458,user458@shop.ru,Kazan,33,F,2022-08-17 12:00:00
459,Name_459,Surname_459,user459@shop.ru,Ufa,53,F,2022-08-18 00:00:00
460,Name_460,Surname_460,user460@shop.ru,Moscow,57,F,2022-08-18 12:00:00
461,Name_461,Surname_461,user461@shop.ru,NSK,39,F,2022-08-19 00:00:00
462,Name_462,Surname_462,user462@shop.ru,Kazan,37,M,2022-08-19 12:00:00
463,Name_463,Surname_463,user463@shop.ru,Volgograd,64,M,2022-08-20 00:00:00
464,Name_464,Surname_464,user464@shop.ru,Krasnodar,28,F,2022-08-20 12:00:00
465,Name_465,Surname_465,user465@shop.ru,Volgograd,48,F,2022-08-21 00:00:00
466,Name_466,Surname_466,user466@shop.ru,Krasnodar,32,F,2022-08-21 12:00:00
467,Name_467,Surname_467,user467@shop.ru,Volgograd,55,M,2022-08-22 00:00:00
468,Name_468,Surname_468,user468@shop.ru,Volgograd,28,F,2022-08-22 12:00:00
469,Name_469,Surname_469,user469@shop.ru,Volgograd,60,F,2022-08-23 00:00:00
470,Name_470,Surname_470,user470@shop.ru,Krasnodar,58,F,2022-08-23 12:00:00
471,Name_471,Surname_471,user471@shop.ru,NSK,38,F,2022-08-24 00:00:00
472,Name_472,Surname_472,user472@shop.ru,SPB,56,M,2022-08-24 12:00:00
473,Name_473,Surname_473,user473@shop.ru,Ekb,47,M,2022-08-25 00:00:00
474,Name_474,Surname_474,user474@shop.ru,NSK,19,F,2022-08-25 12:00:00
475,Name_475,Surname_475,user475@shop.ru,Perm,47,F,2022-08-26 00:00:00
476,Name_476,Surname_476,user476@shop.ru,NSK,40,F,2022-08-26 12:00:00
477,Name_477,Surname_477,user477@shop.ru,Ufa,34,M,2022-08-27 00:00:00
478,Name_478,Surname_478,user478@shop.ru,SPB,26,F,2022-08-27 12:00:00
479,Name_479,Surname_479,user479@shop.ru,Krasnodar,59,F,2022-08-28 00:00:00
480,Name_480,Surname_480,user480@shop.ru,Krasnodar,62,M,2022-08-28 12:00:00
481,Name_481,Surname_481,user481@shop.ru,Ufa,36,M,2022-08-29 00:00:00
482,Name_482,Surname_482,user482@shop.ru,Ufa,43,F,2022-08-29 12:00:00
483,Name_483,Surname_483,user483@shop.ru,Rostov,46,F,2022-08-30 00:00:00
484,Name_484,Surname_484,user484@shop.ru,Perm,19,M,2022-08-30 12:00:00
485,Name_485,Surname_485,user485@shop.ru,Krasnodar,62,M,2022-08-31 00:00:00
486,Name_486,Surname_486,user486@shop.ru,Volgograd,50,M,2022-08-31 12:00:00
487,Name_487,Surname_487,user487@shop.ru,Ekb,54,F,2022-09-01 00:00:00
488,Name_488,Surname_488,user488@shop.ru,Ekb,24,F,2022-09-01 12:00:00
489,Name_489,Surname_489,user489@shop.ru,NSK,24,F,2022-09-02 00:00:00
490,Name_490,Surname_490,user490@shop.ru,Ekb,34,M,2022-09-02 12:00:00
491,Name_491,Surname_491,user491@shop.ru,SPB,54,M,2022-09-03 00:00:00
492,Name_492,Surname_492,user492@shop.ru,Rostov,40,M,2022-09-03 12:00:00
493,Name_493,Surname_493,user493@shop.ru,Perm,18,F,2022-09-04 00:00:00
494,Name_494,Surname_494,user494@shop.ru,Ufa,61,M,2022-09-04 12:00:00
495,Name_495,Surname_495,user495@shop.ru,Kazan,33,M,2022-09-05 00:00:00
496,Name_496,Surname_496,user496@shop.ru,Ufa,21,F,2022-09-05 12:00:00
497,Name_497,Surname_497,user497@shop.ru,Ufa,25,M,2022-09-06 00:00:00
498,Name_498,Surname_498,user498@shop.ru,Krasnodar,20,M,2022-09-06 12:00:00
499,Name_499,Surname_499,user499@shop.ru,Kazan,30,M,2022-09-07 00:00:00
500,Name_500,Surname_500,user500@shop.ru,Ekb,38,M,2022-09-07 12:00:00
