_airbyte_ab_id,_airbyte_extracted_at,id,user_id,amount,status,city,order_date
ab_000001,2026-04-28T10:05:00Z,1,82,565.54,cancelled,KAZAN,2024-05-05
ab_000002,2026-04-28T10:05:00Z,2,29,706.29,completed,MOSCOW,2024-10-29
ab_000003,2026-04-28T10:05:00Z,3,55,168.6,completed,SPB,2024-04-29
ab_000004,2026-04-28T10:05:00Z,4,65,3014.07,cancelled,SPB,2024-11-28
ab_000005,2026-04-28T10:05:00Z,5,90,2729.26,completed,NOVOSIBIRSK,2024-10-28
ab_000006,2026-04-28T10:05:00Z,6,36,4049.06,completed,SPB,2024-12-23
ab_000007,2026-04-28T10:05:00Z,7,55,1707.85,completed,SPB,2024-06-21
ab_000008,2026-04-28T10:05:00Z,8,14,472.8,completed,KAZAN,2024-06-25
ab_000009,2026-04-28T10:05:00Z,9,78,1329.96,completed,NOVOSIBIRSK,2024-10-01
ab_000010,2026-04-28T10:05:00Z,10,16,4865.85,pending,MOSCOW,2024-10-09
ab_000011,2026-04-28T10:05:00Z,11,38,4148.73,cancelled,KAZAN,2024-10-22
ab_000012,2026-04-28T10:05:00Z,12,25,3525.81,completed,SPB,2024-05-28
ab_000013,2026-04-28T10:05:00Z,13,11,4278.04,completed,NOVOSIBIRSK,2024-05-22
ab_000014,2026-04-28T10:05:00Z,14,59,3182.07,pending,SPB,2024-07-08
ab_000015,2026-04-28T10:05:00Z,15,46,1055.44,pending,MOSCOW,2024-11-07
ab_000016,2026-04-28T10:05:00Z,16,82,863.98,cancelled,SPB,2024-03-24
ab_000017,2026-04-28T10:05:00Z,17,60,1903.48,cancelled,SPB,2024-12-16
ab_000018,2026-04-28T10:05:00Z,18,42,4215.83,completed,SPB,2024-01-17
ab_000019,2026-04-28T10:05:00Z,19,41,2011.81,completed,SPB,2024-10-17
ab_000020,2026-04-28T10:05:00Z,20,92,1580.24,cancelled,NOVOSIBIRSK,2024-07-21
ab_000021,2026-04-28T10:05:00Z,21,83,2299.67,pending,SPB,2024-05-06
ab_000022,2026-04-28T10:05:00Z,22,96,2811.23,pending,NOVOSIBIRSK,2024-10-25
ab_000023,2026-04-28T10:05:00Z,23,52,1816.36,completed,NOVOSIBIRSK,2024-02-16
ab_000024,2026-04-28T10:05:00Z,24,97,245.11,completed,SPB,2024-11-17
ab_000025,2026-04-28T10:05:00Z,25,21,3962.48,pending,MOSCOW,2024-07-16
ab_000026,2026-04-28T10:05:00Z,26,49,2983.48,pending,KAZAN,2024-10-10
ab_000027,2026-04-28T10:05:00Z,27,2,3404.61,completed,KAZAN,2024-11-24
ab_000028,2026-04-28T10:05:00Z,28,44,566.65,pending,SPB,2024-08-20
ab_000029,2026-04-28T10:05:00Z,29,1,4769.54,cancelled,KAZAN,2024-09-13
ab_000030,2026-04-28T10:05:00Z,30,98,901.47,completed,KAZAN,2024-11-23
ab_000031,2026-04-28T10:05:00Z,31,65,3048.76,completed,KAZAN,2024-03-23
ab_000032,2026-04-28T10:05:00Z,32,70,4767.96,cancelled,MOSCOW,2024-11-02
ab_000033,2026-04-28T10:05:00Z,33,42,2448.14,completed,KAZAN,2024-06-06
ab_000034,2026-04-28T10:05:00Z,34,31,299.05,cancelled,MOSCOW,2024-02-13
ab_000035,2026-04-28T10:05:00Z,35,94,2435.09,completed,SPB,2024-03-06
ab_000036,2026-04-28T10:05:00Z,36,85,2381.66,cancelled,SPB,2024-05-15
ab_000037,2026-04-28T10:05:00Z,37,68,4363.44,pending,SPB,2024-10-03
ab_000038,2026-04-28T10:05:00Z,38,97,3652.36,completed,KAZAN,2024-07-23
ab_000039,2026-04-28T10:05:00Z,39,86,3252.89,pending,NOVOSIBIRSK,2024-03-02
ab_000040,2026-04-28T10:05:00Z,40,32,1131.24,pending,MOSCOW,2024-10-28
ab_000041,2026-04-28T10:05:00Z,41,71,1158.27,completed,MOSCOW,2024-02-06
ab_000042,2026-04-28T10:05:00Z,42,91,3159.2,completed,MOSCOW,2024-01-17
ab_000043,2026-04-28T10:05:00Z,43,43,363.58,completed,KAZAN,2024-12-08
ab_000044,2026-04-28T10:05:00Z,44,63,1079.04,completed,NOVOSIBIRSK,2024-05-04
ab_000045,2026-04-28T10:05:00Z,45,101,2370.13,pending,SPB,2024-02-18
ab_000046,2026-04-28T10:05:00Z,46,13,3298.32,pending,NOVOSIBIRSK,2024-07-29
ab_000047,2026-04-28T10:05:00Z,47,60,4320.55,completed,MOSCOW,2024-02-01
ab_000048,2026-04-28T10:05:00Z,48,52,3643.79,completed,SPB,2024-04-08
ab_000049,2026-04-28T10:05:00Z,49,25,2686.07,completed,NOVOSIBIRSK,2024-04-03
ab_000050,2026-04-28T10:05:00Z,50,36,2318.51,completed,NOVOSIBIRSK,2024-10-08
ab_000051,2026-04-28T10:05:00Z,51,13,262.44,cancelled,MOSCOW,2024-02-17
ab_000052,2026-04-28T10:05:00Z,52,97,4244.99,completed,NOVOSIBIRSK,2024-09-05
ab_000053,2026-04-28T10:05:00Z,53,62,1076.6,pending,MOSCOW,2024-03-25
ab_000054,2026-04-28T10:05:00Z,54,49,20.76,pending,KAZAN,2024-08-20
ab_000055,2026-04-28T10:05:00Z,55,37,2120.81,cancelled,NOVOSIBIRSK,2024-03-20
ab_000056,2026-04-28T10:05:00Z,56,25,1490.57,completed,MOSCOW,2024-06-09
ab_000057,2026-04-28T10:05:00Z,57,8,260.21,pending,SPB,2024-01-30
ab_000058,2026-04-28T10:05:00Z,58,66,409.76,completed,MOSCOW,2024-10-31
ab_000059,2026-04-28T10:05:00Z,59,9,3379.31,completed,NOVOSIBIRSK,2024-03-02
ab_000060,2026-04-28T10:05:00Z,60,73,1238.61,cancelled,MOSCOW,2024-11-13
ab_000061,2026-04-28T10:05:00Z,61,11,2101.93,cancelled,KAZAN,2024-05-13
ab_000062,2026-04-28T10:05:00Z,62,27,3351.93,pending,SPB,2024-05-15
ab_000063,2026-04-28T10:05:00Z,63,51,663.08,cancelled,KAZAN,2024-08-22
ab_000064,2026-04-28T10:05:00Z,64,41,4645.8,completed,MOSCOW,2024-08-22
ab_000065,2026-04-28T10:05:00Z,65,80,4992.29,completed,MOSCOW,2024-10-02
ab_000066,2026-04-28T10:05:00Z,66,28,2534.36,completed,KAZAN,2024-02-05
ab_000067,2026-04-28T10:05:00Z,67,32,1853.94,completed,NOVOSIBIRSK,2024-10-05
ab_000068,2026-04-28T10:05:00Z,68,91,1519.56,cancelled,MOSCOW,2024-12-07
ab_000069,2026-04-28T10:05:00Z,69,71,1503.9,cancelled,MOSCOW,2024-03-09
ab_000070,2026-04-28T10:05:00Z,70,34,585.99,completed,SPB,2024-05-19
ab_000071,2026-04-28T10:05:00Z,71,37,3028.1,cancelled,KAZAN,2024-04-14
ab_000072,2026-04-28T10:05:00Z,72,88,3174.85,pending,NOVOSIBIRSK,2024-05-08
ab_000073,2026-04-28T10:05:00Z,73,7,470.57,pending,KAZAN,2024-01-23
ab_000074,2026-04-28T10:05:00Z,74,1,1674.45,completed,KAZAN,2024-03-23
ab_000075,2026-04-28T10:05:00Z,75,95,2214.76,cancelled,NOVOSIBIRSK,2024-10-14
ab_000076,2026-04-28T10:05:00Z,76,2,568.25,cancelled,SPB,2024-10-06
ab_000077,2026-04-28T10:05:00Z,77,5,4174.63,cancelled,SPB,2024-08-08
ab_000078,2026-04-28T10:05:00Z,78,17,218.73,pending,MOSCOW,2024-07-02
ab_000079,2026-04-28T10:05:00Z,79,27,3413.51,cancelled,MOSCOW,2024-06-30
ab_000080,2026-04-28T10:05:00Z,80,100,2803.82,pending,SPB,2024-05-01
ab_000081,2026-04-28T10:05:00Z,81,21,4881.27,completed,NOVOSIBIRSK,2024-01-13
ab_000082,2026-04-28T10:05:00Z,82,23,3685.46,pending,NOVOSIBIRSK,2024-12-08
ab_000083,2026-04-28T10:05:00Z,83,95,4055.64,pending,SPB,2024-12-25
ab_000084,2026-04-28T10:05:00Z,84,14,1918.88,completed,NOVOSIBIRSK,2024-04-23
ab_000085,2026-04-28T10:05:00Z,85,26,4084.77,pending,KAZAN,2024-06-05
ab_000086,2026-04-28T10:05:00Z,86,30,1122.39,cancelled,SPB,2024-07-23
ab_000087,2026-04-28T10:05:00Z,87,43,1400.23,completed,KAZAN,2024-06-28
ab_000088,2026-04-28T10:05:00Z,88,83,2551.93,cancelled,KAZAN,2024-01-15
ab_000089,2026-04-28T10:05:00Z,89,15,4386.42,pending,SPB,2024-10-24
ab_000090,2026-04-28T10:05:00Z,90,34,200.9,cancelled,NOVOSIBIRSK,2024-06-25
ab_000091,2026-04-28T10:05:00Z,91,94,3934.28,pending,MOSCOW,2024-07-16
ab_000092,2026-04-28T10:05:00Z,92,74,958.49,completed,NOVOSIBIRSK,2024-01-01
ab_000093,2026-04-28T10:05:00Z,93,67,4628.62,cancelled,SPB,2024-07-05
ab_000094,2026-04-28T10:05:00Z,94,56,359.17,cancelled,KAZAN,2024-11-15
ab_000095,2026-04-28T10:05:00Z,95,41,3320.3,completed,KAZAN,2024-09-16
ab_000096,2026-04-28T10:05:00Z,96,40,3337.8,pending,NOVOSIBIRSK,2024-12-22
ab_000097,2026-04-28T10:05:00Z,97,38,2776.52,completed,NOVOSIBIRSK,2024-12-06
ab_000098,2026-04-28T10:05:00Z,98,49,3389.82,completed,KAZAN,2024-07-26
ab_000099,2026-04-28T10:05:00Z,99,71,4170.29,pending,KAZAN,2024-04-17
ab_000100,2026-04-28T10:05:00Z,100,56,3930.94,cancelled,KAZAN,2024-08-26
ab_000101,2026-04-28T10:05:00Z,101,57,2216.38,completed,NOVOSIBIRSK,2024-03-27
ab_000102,2026-04-28T10:05:00Z,102,85,433.13,cancelled,KAZAN,2024-02-17
ab_000103,2026-04-28T10:05:00Z,103,97,1181.99,pending,SPB,2024-04-11
ab_000104,2026-04-28T10:05:00Z,104,19,131.88,completed,NOVOSIBIRSK,2024-11-08
ab_000105,2026-04-28T10:05:00Z,105,99,373.41,pending,SPB,2024-12-22
ab_000106,2026-04-28T10:05:00Z,106,50,2476.94,completed,SPB,2024-12-01
ab_000107,2026-04-28T10:05:00Z,107,89,37.67,completed,NOVOSIBIRSK,2024-04-22
ab_000108,2026-04-28T10:05:00Z,108,23,4022.51,cancelled,NOVOSIBIRSK,2024-01-26
ab_000109,2026-04-28T10:05:00Z,109,72,1253.5,completed,NOVOSIBIRSK,2024-03-09
ab_000110,2026-04-28T10:05:00Z,110,60,3341.21,cancelled,KAZAN,2024-08-14
ab_000111,2026-04-28T10:05:00Z,111,79,4076.88,cancelled,NOVOSIBIRSK,2024-10-07
ab_000112,2026-04-28T10:05:00Z,112,58,4487.07,cancelled,NOVOSIBIRSK,2024-08-18
ab_000113,2026-04-28T10:05:00Z,113,34,3761.37,cancelled,KAZAN,2024-09-23
ab_000114,2026-04-28T10:05:00Z,114,63,3137.47,pending,NOVOSIBIRSK,2024-02-09
ab_000115,2026-04-28T10:05:00Z,115,92,1435.78,pending,KAZAN,2024-06-12
ab_000116,2026-04-28T10:05:00Z,116,70,412.08,completed,SPB,2024-07-15
ab_000117,2026-04-28T10:05:00Z,117,89,772.5,completed,MOSCOW,2024-07-31
ab_000118,2026-04-28T10:05:00Z,118,53,1661.1,pending,NOVOSIBIRSK,2024-02-01
ab_000119,2026-04-28T10:05:00Z,119,27,4166.13,pending,MOSCOW,2024-10-21
ab_000120,2026-04-28T10:05:00Z,120,49,2390.13,pending,KAZAN,2024-07-18
ab_000121,2026-04-28T10:05:00Z,121,54,2695.72,cancelled,SPB,2024-09-06
ab_000122,2026-04-28T10:05:00Z,122,29,1371.95,pending,MOSCOW,2024-07-18
ab_000123,2026-04-28T10:05:00Z,123,44,3347.68,pending,SPB,2024-08-27
ab_000124,2026-04-28T10:05:00Z,124,17,4903.8,cancelled,MOSCOW,2024-07-20
ab_000125,2026-04-28T10:05:00Z,125,76,2826.32,completed,MOSCOW,2024-11-25
ab_000126,2026-04-28T10:05:00Z,126,55,687.14,pending,SPB,2024-01-26
ab_000127,2026-04-28T10:05:00Z,127,34,1901.73,completed,NOVOSIBIRSK,2024-06-16
ab_000128,2026-04-28T10:05:00Z,128,44,3808.54,pending,KAZAN,2024-08-03
ab_000129,2026-04-28T10:05:00Z,129,33,4176.21,pending,MOSCOW,2024-10-03
ab_000130,2026-04-28T10:05:00Z,130,7,4999.54,pending,SPB,2024-11-28
ab_000131,2026-04-28T10:05:00Z,131,9,3908.35,cancelled,MOSCOW,2024-01-16
ab_000132,2026-04-28T10:05:00Z,132,32,1004.81,completed,SPB,2024-05-02
ab_000133,2026-04-28T10:05:00Z,133,17,2373.07,completed,SPB,2024-08-26
ab_000134,2026-04-28T10:05:00Z,134,90,1288.66,pending,SPB,2024-11-06
ab_000135,2026-04-28T10:05:00Z,135,78,4819.04,cancelled,MOSCOW,2024-03-24
ab_000136,2026-04-28T10:05:00Z,136,40,549.41,completed,KAZAN,2024-10-21
ab_000137,2026-04-28T10:05:00Z,137,87,4541.05,pending,NOVOSIBIRSK,2024-04-11
ab_000138,2026-04-28T10:05:00Z,138,10,2964.57,cancelled,SPB,2024-02-22
ab_000139,2026-04-28T10:05:00Z,139,90,3864.68,cancelled,MOSCOW,2024-10-16
ab_000140,2026-04-28T10:05:00Z,140,101,214.93,cancelled,NOVOSIBIRSK,2024-12-04
ab_000141,2026-04-28T10:05:00Z,141,48,354.09,cancelled,KAZAN,2024-01-07
ab_000142,2026-04-28T10:05:00Z,142,54,4113.43,completed,NOVOSIBIRSK,2024-07-04
ab_000143,2026-04-28T10:05:00Z,143,82,4458.96,pending,SPB,2024-08-10
ab_000144,2026-04-28T10:05:00Z,144,23,3671.64,cancelled,KAZAN,2024-11-11
ab_000145,2026-04-28T10:05:00Z,145,69,3875.46,pending,NOVOSIBIRSK,2024-10-30
ab_000146,2026-04-28T10:05:00Z,146,35,1618.3,completed,MOSCOW,2024-05-22
ab_000147,2026-04-28T10:05:00Z,147,58,1226.88,pending,NOVOSIBIRSK,2024-06-21
ab_000148,2026-04-28T10:05:00Z,148,4,2476.59,pending,SPB,2024-09-06
ab_000149,2026-04-28T10:05:00Z,149,28,1780.58,pending,KAZAN,2024-05-23
ab_000150,2026-04-28T10:05:00Z,150,77,3508.91,pending,MOSCOW,2024-09-21
ab_000151,2026-04-28T10:05:00Z,151,25,437.21,cancelled,NOVOSIBIRSK,2024-09-07
ab_000152,2026-04-28T10:05:00Z,152,72,3793.24,cancelled,NOVOSIBIRSK,2024-11-26
ab_000153,2026-04-28T10:05:00Z,153,92,2459.2,completed,MOSCOW,2024-05-30
ab_000154,2026-04-28T10:05:00Z,154,29,2027.96,completed,KAZAN,2024-12-05
ab_000155,2026-04-28T10:05:00Z,155,75,1851.41,cancelled,KAZAN,2024-08-05
ab_000156,2026-04-28T10:05:00Z,156,96,2756.44,pending,NOVOSIBIRSK,2024-05-18
ab_000157,2026-04-28T10:05:00Z,157,40,1264.5,completed,SPB,2024-06-10
ab_000158,2026-04-28T10:05:00Z,158,16,3716.98,cancelled,SPB,2024-04-08
ab_000159,2026-04-28T10:05:00Z,159,28,3695.64,pending,KAZAN,2024-02-21
ab_000160,2026-04-28T10:05:00Z,160,25,1488.27,pending,SPB,2024-06-03
ab_000161,2026-04-28T10:05:00Z,161,2,3543.01,completed,KAZAN,2024-01-24
ab_000162,2026-04-28T10:05:00Z,162,7,2771.26,cancelled,SPB,2024-11-22
ab_000163,2026-04-28T10:05:00Z,163,97,2459.48,completed,KAZAN,2024-08-28
ab_000164,2026-04-28T10:05:00Z,164,62,2207.94,completed,MOSCOW,2024-05-09
ab_000165,2026-04-28T10:05:00Z,165,62,579.29,completed,NOVOSIBIRSK,2024-09-08
ab_000166,2026-04-28T10:05:00Z,166,10,2889.34,cancelled,MOSCOW,2024-03-18
ab_000167,2026-04-28T10:05:00Z,167,20,4057.6,pending,MOSCOW,2024-05-07
ab_000168,2026-04-28T10:05:00Z,168,16,2794.78,pending,SPB,2024-09-24
ab_000169,2026-04-28T10:05:00Z,169,49,2258.07,pending,KAZAN,2024-10-28
ab_000170,2026-04-28T10:05:00Z,170,55,1533.85,cancelled,MOSCOW,2024-11-08
ab_000171,2026-04-28T10:05:00Z,171,95,505.18,completed,SPB,2024-05-15
ab_000172,2026-04-28T10:05:00Z,172,85,415.13,completed,SPB,2024-10-09
ab_000173,2026-04-28T10:05:00Z,173,10,791.1,pending,NOVOSIBIRSK,2024-12-18
ab_000174,2026-04-28T10:05:00Z,174,77,2354.86,completed,SPB,2024-05-27
ab_000175,2026-04-28T10:05:00Z,175,91,1420.76,pending,MOSCOW,2024-12-17
ab_000176,2026-04-28T10:05:00Z,176,30,4620.32,cancelled,SPB,2024-08-05
ab_000177,2026-04-28T10:05:00Z,177,15,2727.37,cancelled,SPB,2024-05-16
ab_000178,2026-04-28T10:05:00Z,178,19,366.34,completed,KAZAN,2024-10-31
ab_000179,2026-04-28T10:05:00Z,179,96,4122.96,pending,NOVOSIBIRSK,2024-03-04
ab_000180,2026-04-28T10:05:00Z,180,60,3446.5,cancelled,NOVOSIBIRSK,2024-05-19
ab_000181,2026-04-28T10:05:00Z,181,65,2704.51,pending,MOSCOW,2024-11-02
ab_000182,2026-04-28T10:05:00Z,182,6,4448.22,cancelled,KAZAN,2024-11-05
ab_000183,2026-04-28T10:05:00Z,183,33,139.07,completed,MOSCOW,2024-12-10
ab_000184,2026-04-28T10:05:00Z,184,35,2885.47,completed,NOVOSIBIRSK,2024-09-22
ab_000185,2026-04-28T10:05:00Z,185,84,2216.72,pending,SPB,2024-10-26
ab_000186,2026-04-28T10:05:00Z,186,56,3177.58,pending,MOSCOW,2024-08-28
ab_000187,2026-04-28T10:05:00Z,187,45,2047.66,pending,MOSCOW,2024-03-23
ab_000188,2026-04-28T10:05:00Z,188,43,2064.11,pending,KAZAN,2024-12-05
ab_000189,2026-04-28T10:05:00Z,189,52,4069.69,cancelled,MOSCOW,2024-08-20
ab_000190,2026-04-28T10:05:00Z,190,12,1579.44,pending,MOSCOW,2024-07-25
ab_000191,2026-04-28T10:05:00Z,191,66,4126.39,completed,NOVOSIBIRSK,2024-07-30
ab_000192,2026-04-28T10:05:00Z,192,7,946.04,pending,NOVOSIBIRSK,2024-11-16
ab_000193,2026-04-28T10:05:00Z,193,57,3802.35,completed,KAZAN,2024-10-08
ab_000194,2026-04-28T10:05:00Z,194,17,4639.09,pending,NOVOSIBIRSK,2024-03-03
ab_000195,2026-04-28T10:05:00Z,195,4,4866.0,cancelled,SPB,2024-12-29
ab_000196,2026-04-28T10:05:00Z,196,21,1560.64,completed,NOVOSIBIRSK,2024-02-17
ab_000197,2026-04-28T10:05:00Z,197,29,4961.36,completed,NOVOSIBIRSK,2024-03-01
ab_000198,2026-04-28T10:05:00Z,198,83,4162.39,pending,KAZAN,2024-09-17
ab_000199,2026-04-28T10:05:00Z,199,91,1374.39,pending,NOVOSIBIRSK,2024-05-04
ab_000200,2026-04-28T10:05:00Z,200,59,2760.81,pending,SPB,2024-11-02
ab_000201,2026-04-28T10:05:00Z,201,66,3734.0,completed,MOSCOW,2024-05-21
ab_000202,2026-04-28T10:05:00Z,202,99,3952.13,pending,KAZAN,2024-09-16
ab_000203,2026-04-28T10:05:00Z,203,35,4104.54,pending,KAZAN,2024-10-27
ab_000204,2026-04-28T10:05:00Z,204,75,4994.52,pending,SPB,2024-08-16
ab_000205,2026-04-28T10:05:00Z,205,69,2426.86,pending,NOVOSIBIRSK,2024-08-21
ab_000206,2026-04-28T10:05:00Z,206,42,4349.31,cancelled,SPB,2024-10-19
ab_000207,2026-04-28T10:05:00Z,207,50,1175.48,pending,MOSCOW,2024-06-11
ab_000208,2026-04-28T10:05:00Z,208,96,2370.15,pending,NOVOSIBIRSK,2024-12-05
ab_000209,2026-04-28T10:05:00Z,209,84,4904.28,pending,MOSCOW,2024-03-05
ab_000210,2026-04-28T10:05:00Z,210,65,4827.11,pending,MOSCOW,2024-08-13
ab_000211,2026-04-28T10:05:00Z,211,13,2634.5,pending,MOSCOW,2024-03-14
ab_000212,2026-04-28T10:05:00Z,212,53,4355.96,completed,MOSCOW,2024-08-28
ab_000213,2026-04-28T10:05:00Z,213,101,4846.33,pending,NOVOSIBIRSK,2024-11-28
ab_000214,2026-04-28T10:05:00Z,214,11,4260.31,cancelled,NOVOSIBIRSK,2024-06-11
ab_000215,2026-04-28T10:05:00Z,215,81,3596.4,pending,MOSCOW,2024-11-12
ab_000216,2026-04-28T10:05:00Z,216,9,1181.5,cancelled,KAZAN,2024-04-26
ab_000217,2026-04-28T10:05:00Z,217,96,460.99,completed,MOSCOW,2024-08-15
ab_000218,2026-04-28T10:05:00Z,218,22,3473.07,completed,MOSCOW,2024-06-15
ab_000219,2026-04-28T10:05:00Z,219,8,1473.91,pending,NOVOSIBIRSK,2024-03-15
ab_000220,2026-04-28T10:05:00Z,220,32,2660.52,cancelled,SPB,2024-03-28
ab_000221,2026-04-28T10:05:00Z,221,23,404.05,pending,SPB,2024-09-11
ab_000222,2026-04-28T10:05:00Z,222,75,724.16,pending,KAZAN,2024-08-23
ab_000223,2026-04-28T10:05:00Z,223,33,3337.54,pending,KAZAN,2024-12-12
ab_000224,2026-04-28T10:05:00Z,224,70,798.3,pending,KAZAN,2024-10-27
ab_000225,2026-04-28T10:05:00Z,225,39,3198.3,pending,KAZAN,2024-08-21
ab_000226,2026-04-28T10:05:00Z,226,39,1004.09,pending,NOVOSIBIRSK,2024-02-24
ab_000227,2026-04-28T10:05:00Z,227,31,1913.01,pending,KAZAN,2024-12-24
ab_000228,2026-04-28T10:05:00Z,228,38,119.48,cancelled,NOVOSIBIRSK,2024-05-20
ab_000229,2026-04-28T10:05:00Z,229,2,2833.99,cancelled,MOSCOW,2024-11-06
ab_000230,2026-04-28T10:05:00Z,230,96,2488.67,pending,SPB,2024-11-06
ab_000231,2026-04-28T10:05:00Z,231,46,1102.83,completed,KAZAN,2024-12-13
ab_000232,2026-04-28T10:05:00Z,232,97,3607.43,cancelled,SPB,2024-11-17
ab_000233,2026-04-28T10:05:00Z,233,13,4517.98,cancelled,MOSCOW,2024-06-07
ab_000234,2026-04-28T10:05:00Z,234,101,2209.71,cancelled,KAZAN,2024-03-08
ab_000235,2026-04-28T10:05:00Z,235,12,4549.04,pending,NOVOSIBIRSK,2024-03-30
ab_000236,2026-04-28T10:05:00Z,236,26,669.48,cancelled,KAZAN,2024-09-28
ab_000237,2026-04-28T10:05:00Z,237,65,4568.3,completed,KAZAN,2024-09-03
ab_000238,2026-04-28T10:05:00Z,238,38,3735.33,pending,MOSCOW,2024-08-27
ab_000239,2026-04-28T10:05:00Z,239,10,712.38,completed,NOVOSIBIRSK,2024-10-12
ab_000240,2026-04-28T10:05:00Z,240,47,460.61,pending,MOSCOW,2024-05-15
ab_000241,2026-04-28T10:05:00Z,241,69,626.71,pending,KAZAN,2024-10-26
ab_000242,2026-04-28T10:05:00Z,242,49,4113.86,pending,MOSCOW,2024-12-11
ab_000243,2026-04-28T10:05:00Z,243,30,2362.67,cancelled,KAZAN,2024-11-08
ab_000244,2026-04-28T10:05:00Z,244,29,3241.79,cancelled,NOVOSIBIRSK,2024-12-24
ab_000245,2026-04-28T10:05:00Z,245,39,3249.7,completed,SPB,2024-01-24
ab_000246,2026-04-28T10:05:00Z,246,5,1528.78,pending,MOSCOW,2024-02-19
ab_000247,2026-04-28T10:05:00Z,247,31,4437.42,completed,NOVOSIBIRSK,2024-08-20
ab_000248,2026-04-28T10:05:00Z,248,48,3355.73,cancelled,NOVOSIBIRSK,2024-10-27
ab_000249,2026-04-28T10:05:00Z,249,96,3635.73,pending,MOSCOW,2024-09-07
ab_000250,2026-04-28T10:05:00Z,250,79,2046.5,pending,MOSCOW,2024-12-19
ab_000251,2026-04-28T10:05:00Z,251,48,1094.18,pending,SPB,2024-07-04
ab_000252,2026-04-28T10:05:00Z,252,13,4904.83,pending,KAZAN,2024-02-01
ab_000253,2026-04-28T10:05:00Z,253,51,1386.65,completed,NOVOSIBIRSK,2024-02-16
ab_000254,2026-04-28T10:05:00Z,254,85,1068.41,cancelled,MOSCOW,2024-01-26
ab_000255,2026-04-28T10:05:00Z,255,101,1674.21,completed,SPB,2024-02-05
ab_000256,2026-04-28T10:05:00Z,256,98,2775.5,cancelled,SPB,2024-04-29
ab_000257,2026-04-28T10:05:00Z,257,43,3874.1,cancelled,MOSCOW,2024-05-21
ab_000258,2026-04-28T10:05:00Z,258,19,4937.76,cancelled,KAZAN,2024-03-30
ab_000259,2026-04-28T10:05:00Z,259,15,3308.68,completed,SPB,2024-01-08
ab_000260,2026-04-28T10:05:00Z,260,46,3952.02,completed,KAZAN,2024-01-09
ab_000261,2026-04-28T10:05:00Z,261,23,1334.18,completed,NOVOSIBIRSK,2024-09-26
ab_000262,2026-04-28T10:05:00Z,262,15,3730.87,pending,NOVOSIBIRSK,2024-07-04
ab_000263,2026-04-28T10:05:00Z,263,66,2972.39,pending,SPB,2024-11-10
ab_000264,2026-04-28T10:05:00Z,264,6,3638.94,cancelled,KAZAN,2024-08-22
ab_000265,2026-04-28T10:05:00Z,265,83,4820.49,completed,NOVOSIBIRSK,2024-07-24
ab_000266,2026-04-28T10:05:00Z,266,55,3433.63,pending,NOVOSIBIRSK,2024-02-07
ab_000267,2026-04-28T10:05:00Z,267,11,1617.34,completed,MOSCOW,2024-03-05
ab_000268,2026-04-28T10:05:00Z,268,36,3125.34,cancelled,KAZAN,2024-07-14
ab_000269,2026-04-28T10:05:00Z,269,77,2657.48,pending,NOVOSIBIRSK,2024-02-20
ab_000270,2026-04-28T10:05:00Z,270,90,580.93,cancelled,SPB,2024-08-08
ab_000271,2026-04-28T10:05:00Z,271,58,4441.57,pending,KAZAN,2024-08-20
ab_000272,2026-04-28T10:05:00Z,272,52,2085.79,completed,KAZAN,2024-08-06
ab_000273,2026-04-28T10:05:00Z,273,41,3328.89,pending,SPB,2024-12-17
ab_000274,2026-04-28T10:05:00Z,274,61,345.0,completed,MOSCOW,2024-08-09
ab_000275,2026-04-28T10:05:00Z,275,13,3725.5,pending,SPB,2024-10-11
ab_000276,2026-04-28T10:05:00Z,276,8,2936.46,cancelled,KAZAN,2024-12-09
ab_000277,2026-04-28T10:05:00Z,277,16,2059.94,cancelled,NOVOSIBIRSK,2024-01-27
ab_000278,2026-04-28T10:05:00Z,278,37,3006.05,pending,MOSCOW,2024-10-22
ab_000279,2026-04-28T10:05:00Z,279,65,1071.57,cancelled,NOVOSIBIRSK,2024-04-24
ab_000280,2026-04-28T10:05:00Z,280,14,1757.07,cancelled,KAZAN,2024-02-28
ab_000281,2026-04-28T10:05:00Z,281,98,1400.06,completed,NOVOSIBIRSK,2024-10-14
ab_000282,2026-04-28T10:05:00Z,282,99,4093.95,cancelled,MOSCOW,2024-11-07
ab_000283,2026-04-28T10:05:00Z,283,85,4149.01,pending,MOSCOW,2024-04-02
ab_000284,2026-04-28T10:05:00Z,284,35,3516.47,pending,KAZAN,2024-06-28
ab_000285,2026-04-28T10:05:00Z,285,1,915.21,completed,NOVOSIBIRSK,2024-02-05
ab_000286,2026-04-28T10:05:00Z,286,19,3707.44,completed,MOSCOW,2024-09-28
ab_000287,2026-04-28T10:05:00Z,287,28,1887.21,pending,KAZAN,2024-03-21
ab_000288,2026-04-28T10:05:00Z,288,48,1565.07,pending,MOSCOW,2024-01-27
ab_000289,2026-04-28T10:05:00Z,289,20,795.48,cancelled,MOSCOW,2024-12-11
ab_000290,2026-04-28T10:05:00Z,290,11,1367.79,cancelled,NOVOSIBIRSK,2024-09-05
ab_000291,2026-04-28T10:05:00Z,291,78,2215.8,pending,SPB,2024-09-19
ab_000292,2026-04-28T10:05:00Z,292,15,1732.41,completed,KAZAN,2024-12-13
ab_000293,2026-04-28T10:05:00Z,293,87,2969.74,cancelled,KAZAN,2024-01-24
ab_000294,2026-04-28T10:05:00Z,294,29,1982.36,cancelled,MOSCOW,2024-01-04
ab_000295,2026-04-28T10:05:00Z,295,27,1514.08,completed,SPB,2024-05-10
ab_000296,2026-04-28T10:05:00Z,296,38,1647.33,completed,NOVOSIBIRSK,2024-08-08
ab_000297,2026-04-28T10:05:00Z,297,23,654.64,cancelled,SPB,2024-09-13
ab_000298,2026-04-28T10:05:00Z,298,72,4168.44,pending,MOSCOW,2024-07-22
ab_000299,2026-04-28T10:05:00Z,299,95,221.09,completed,NOVOSIBIRSK,2024-02-09
ab_000300,2026-04-28T10:05:00Z,300,41,2883.04,cancelled,NOVOSIBIRSK,2024-12-29
ab_000301,2026-04-28T10:05:00Z,301,82,2094.29,completed,NOVOSIBIRSK,2024-01-11
ab_000302,2026-04-28T10:05:00Z,302,42,867.65,cancelled,NOVOSIBIRSK,2024-12-19
ab_000303,2026-04-28T10:05:00Z,303,47,449.77,completed,SPB,2024-08-11
ab_000304,2026-04-28T10:05:00Z,304,76,2008.24,completed,NOVOSIBIRSK,2024-06-07
ab_000305,2026-04-28T10:05:00Z,305,96,1704.17,pending,SPB,2024-02-09
ab_000306,2026-04-28T10:05:00Z,306,66,3169.79,cancelled,SPB,2024-06-27
ab_000307,2026-04-28T10:05:00Z,307,45,3639.62,cancelled,SPB,2024-04-30
ab_000308,2026-04-28T10:05:00Z,308,14,740.76,completed,SPB,2024-11-04
ab_000309,2026-04-28T10:05:00Z,309,20,3803.47,cancelled,MOSCOW,2024-03-31
ab_000310,2026-04-28T10:05:00Z,310,99,3143.46,pending,NOVOSIBIRSK,2024-12-14
ab_000311,2026-04-28T10:05:00Z,311,73,3218.53,cancelled,KAZAN,2024-11-17
ab_000312,2026-04-28T10:05:00Z,312,41,763.28,completed,NOVOSIBIRSK,2024-08-14
ab_000313,2026-04-28T10:05:00Z,313,81,1521.07,pending,MOSCOW,2024-06-29
ab_000314,2026-04-28T10:05:00Z,314,65,380.21,pending,NOVOSIBIRSK,2024-01-20
ab_000315,2026-04-28T10:05:00Z,315,8,1850.0,pending,MOSCOW,2024-11-26
ab_000316,2026-04-28T10:05:00Z,316,12,3078.89,cancelled,NOVOSIBIRSK,2024-08-24
ab_000317,2026-04-28T10:05:00Z,317,75,2776.04,cancelled,MOSCOW,2024-08-18
ab_000318,2026-04-28T10:05:00Z,318,74,3262.67,pending,NOVOSIBIRSK,2024-09-13
ab_000319,2026-04-28T10:05:00Z,319,20,4789.03,pending,MOSCOW,2024-06-24
ab_000320,2026-04-28T10:05:00Z,320,92,430.8,cancelled,SPB,2024-01-21
ab_000321,2026-04-28T10:05:00Z,321,32,3541.03,pending,SPB,2024-07-05
ab_000322,2026-04-28T10:05:00Z,322,48,4590.5,pending,NOVOSIBIRSK,2024-06-22
ab_000323,2026-04-28T10:05:00Z,323,87,2993.45,cancelled,KAZAN,2024-02-03
ab_000324,2026-04-28T10:05:00Z,324,43,481.58,cancelled,NOVOSIBIRSK,2024-05-25
ab_000325,2026-04-28T10:05:00Z,325,33,3621.43,cancelled,SPB,2024-06-19
ab_000326,2026-04-28T10:05:00Z,326,11,2917.87,completed,KAZAN,2024-06-07
ab_000327,2026-04-28T10:05:00Z,327,84,3495.42,pending,SPB,2024-10-31
ab_000328,2026-04-28T10:05:00Z,328,91,4690.63,pending,NOVOSIBIRSK,2024-11-25
ab_000329,2026-04-28T10:05:00Z,329,43,4067.79,cancelled,MOSCOW,2024-11-26
ab_000330,2026-04-28T10:05:00Z,330,86,2122.8,pending,MOSCOW,2024-07-04
ab_000331,2026-04-28T10:05:00Z,331,40,909.51,completed,KAZAN,2024-09-05
ab_000332,2026-04-28T10:05:00Z,332,25,1140.45,completed,SPB,2024-02-09
ab_000333,2026-04-28T10:05:00Z,333,38,4223.7,completed,MOSCOW,2024-12-04
ab_000334,2026-04-28T10:05:00Z,334,44,4383.2,cancelled,SPB,2024-11-01
ab_000335,2026-04-28T10:05:00Z,335,49,779.72,completed,SPB,2024-08-12
ab_000336,2026-04-28T10:05:00Z,336,6,2060.18,cancelled,SPB,2024-08-15
ab_000337,2026-04-28T10:05:00Z,337,79,1431.79,cancelled,NOVOSIBIRSK,2024-04-29
ab_000338,2026-04-28T10:05:00Z,338,69,1203.45,pending,SPB,2024-07-07
ab_000339,2026-04-28T10:05:00Z,339,87,4736.18,pending,NOVOSIBIRSK,2024-05-24
ab_000340,2026-04-28T10:05:00Z,340,100,1915.54,cancelled,NOVOSIBIRSK,2024-03-23
ab_000341,2026-04-28T10:05:00Z,341,26,4008.28,completed,KAZAN,2024-01-27
ab_000342,2026-04-28T10:05:00Z,342,83,2408.15,pending,MOSCOW,2024-12-30
ab_000343,2026-04-28T10:05:00Z,343,67,4257.32,pending,MOSCOW,2024-03-23
ab_000344,2026-04-28T10:05:00Z,344,35,2252.1,cancelled,SPB,2024-08-11
ab_000345,2026-04-28T10:05:00Z,345,12,4732.6,completed,NOVOSIBIRSK,2024-06-27
ab_000346,2026-04-28T10:05:00Z,346,4,2080.34,pending,KAZAN,2024-04-30
ab_000347,2026-04-28T10:05:00Z,347,50,4972.68,pending,SPB,2024-01-15
ab_000348,2026-04-28T10:05:00Z,348,41,4654.82,cancelled,KAZAN,2024-03-15
ab_000349,2026-04-28T10:05:00Z,349,18,201.13,pending,SPB,2024-12-27
ab_000350,2026-04-28T10:05:00Z,350,61,2248.52,completed,MOSCOW,2024-01-10
ab_000351,2026-04-28T10:05:00Z,351,33,1086.12,completed,NOVOSIBIRSK,2024-02-26
ab_000352,2026-04-28T10:05:00Z,352,100,1447.63,pending,MOSCOW,2024-01-25
ab_000353,2026-04-28T10:05:00Z,353,31,2104.93,cancelled,NOVOSIBIRSK,2024-02-02
ab_000354,2026-04-28T10:05:00Z,354,15,4185.07,pending,MOSCOW,2024-11-19
ab_000355,2026-04-28T10:05:00Z,355,66,2879.49,cancelled,SPB,2024-05-29
ab_000356,2026-04-28T10:05:00Z,356,55,17.81,pending,SPB,2024-10-19
ab_000357,2026-04-28T10:05:00Z,357,54,944.7,cancelled,MOSCOW,2024-09-25
ab_000358,2026-04-28T10:05:00Z,358,47,347.72,cancelled,MOSCOW,2024-07-18
ab_000359,2026-04-28T10:05:00Z,359,61,227.24,pending,KAZAN,2024-05-09
ab_000360,2026-04-28T10:05:00Z,360,96,91.05,completed,KAZAN,2024-05-03
ab_000361,2026-04-28T10:05:00Z,361,94,3288.95,completed,KAZAN,2024-03-09
ab_000362,2026-04-28T10:05:00Z,362,6,1767.97,pending,SPB,2024-12-16
ab_000363,2026-04-28T10:05:00Z,363,60,4904.29,pending,SPB,2024-03-10
ab_000364,2026-04-28T10:05:00Z,364,9,3583.06,pending,MOSCOW,2024-05-30
ab_000365,2026-04-28T10:05:00Z,365,26,228.59,completed,MOSCOW,2024-06-10
ab_000366,2026-04-28T10:05:00Z,366,40,2581.76,cancelled,NOVOSIBIRSK,2024-05-09
ab_000367,2026-04-28T10:05:00Z,367,5,3768.92,completed,KAZAN,2024-07-01
ab_000368,2026-04-28T10:05:00Z,368,100,248.54,cancelled,KAZAN,2024-05-19
ab_000369,2026-04-28T10:05:00Z,369,16,3998.72,pending,NOVOSIBIRSK,2024-08-13
ab_000370,2026-04-28T10:05:00Z,370,50,1701.79,completed,NOVOSIBIRSK,2024-12-20
ab_000371,2026-04-28T10:05:00Z,371,64,1843.06,cancelled,KAZAN,2024-02-12
ab_000372,2026-04-28T10:05:00Z,372,94,2128.25,pending,SPB,2024-10-06
ab_000373,2026-04-28T10:05:00Z,373,38,1612.85,completed,KAZAN,2024-12-04
ab_000374,2026-04-28T10:05:00Z,374,38,1539.41,cancelled,NOVOSIBIRSK,2024-03-26
ab_000375,2026-04-28T10:05:00Z,375,89,2225.1,pending,MOSCOW,2024-06-29
ab_000376,2026-04-28T10:05:00Z,376,79,4990.77,pending,MOSCOW,2024-02-08
ab_000377,2026-04-28T10:05:00Z,377,86,3191.19,pending,SPB,2024-01-16
ab_000378,2026-04-28T10:05:00Z,378,19,4244.86,cancelled,NOVOSIBIRSK,2024-01-18
ab_000379,2026-04-28T10:05:00Z,379,17,345.49,cancelled,KAZAN,2024-07-04
ab_000380,2026-04-28T10:05:00Z,380,50,4747.84,completed,SPB,2024-12-13
ab_000381,2026-04-28T10:05:00Z,381,58,4744.63,pending,NOVOSIBIRSK,2024-02-09
ab_000382,2026-04-28T10:05:00Z,382,74,697.1,pending,NOVOSIBIRSK,2024-06-09
ab_000383,2026-04-28T10:05:00Z,383,84,1400.66,completed,MOSCOW,2024-04-05
ab_000384,2026-04-28T10:05:00Z,384,64,2593.55,cancelled,MOSCOW,2024-05-14
ab_000385,2026-04-28T10:05:00Z,385,100,1308.85,pending,SPB,2024-11-09
ab_000386,2026-04-28T10:05:00Z,386,37,3472.96,pending,SPB,2024-03-03
ab_000387,2026-04-28T10:05:00Z,387,18,4265.6,pending,SPB,2024-08-15
ab_000388,2026-04-28T10:05:00Z,388,12,4054.46,pending,KAZAN,2024-12-29
ab_000389,2026-04-28T10:05:00Z,389,9,2754.49,pending,KAZAN,2024-03-21
ab_000390,2026-04-28T10:05:00Z,390,92,3550.72,cancelled,SPB,2024-07-04
ab_000391,2026-04-28T10:05:00Z,391,66,1128.97,completed,SPB,2024-05-01
ab_000392,2026-04-28T10:05:00Z,392,64,141.16,cancelled,KAZAN,2024-08-27
ab_000393,2026-04-28T10:05:00Z,393,71,657.56,completed,MOSCOW,2024-06-07
ab_000394,2026-04-28T10:05:00Z,394,51,4997.98,cancelled,NOVOSIBIRSK,2024-09-26
ab_000395,2026-04-28T10:05:00Z,395,53,3848.13,cancelled,MOSCOW,2024-03-05
ab_000396,2026-04-28T10:05:00Z,396,41,3215.27,pending,NOVOSIBIRSK,2024-12-14
ab_000397,2026-04-28T10:05:00Z,397,67,1729.13,cancelled,SPB,2024-03-07
ab_000398,2026-04-28T10:05:00Z,398,56,2519.29,completed,MOSCOW,2024-09-22
ab_000399,2026-04-28T10:05:00Z,399,20,1527.58,completed,KAZAN,2024-12-29
ab_000400,2026-04-28T10:05:00Z,400,29,1736.66,cancelled,KAZAN,2024-02-10
ab_000401,2026-04-28T10:05:00Z,401,33,989.55,cancelled,KAZAN,2024-03-05
ab_000402,2026-04-28T10:05:00Z,402,81,1521.09,cancelled,MOSCOW,2024-09-14
ab_000403,2026-04-28T10:05:00Z,403,83,851.49,cancelled,SPB,2024-03-28
ab_000404,2026-04-28T10:05:00Z,404,85,3126.15,cancelled,KAZAN,2024-10-15
ab_000405,2026-04-28T10:05:00Z,405,6,4127.93,completed,MOSCOW,2024-01-24
ab_000406,2026-04-28T10:05:00Z,406,83,3857.4,pending,SPB,2024-10-19
ab_000407,2026-04-28T10:05:00Z,407,54,3094.36,completed,NOVOSIBIRSK,2024-11-17
ab_000408,2026-04-28T10:05:00Z,408,70,1455.46,pending,NOVOSIBIRSK,2024-05-05
ab_000409,2026-04-28T10:05:00Z,409,88,2036.4,pending,MOSCOW,2024-12-18
ab_000410,2026-04-28T10:05:00Z,410,8,798.82,pending,NOVOSIBIRSK,2024-08-25
ab_000411,2026-04-28T10:05:00Z,411,27,1707.56,completed,KAZAN,2024-06-12
ab_000412,2026-04-28T10:05:00Z,412,94,4940.24,pending,NOVOSIBIRSK,2024-03-07
ab_000413,2026-04-28T10:05:00Z,413,98,1859.0,cancelled,MOSCOW,2024-06-12
ab_000414,2026-04-28T10:05:00Z,414,31,2337.7,pending,NOVOSIBIRSK,2024-05-06
ab_000415,2026-04-28T10:05:00Z,415,19,493.09,pending,NOVOSIBIRSK,2024-11-11
ab_000416,2026-04-28T10:05:00Z,416,54,1248.87,completed,KAZAN,2024-10-22
ab_000417,2026-04-28T10:05:00Z,417,93,1570.45,completed,NOVOSIBIRSK,2024-09-20
ab_000418,2026-04-28T10:05:00Z,418,60,2498.81,pending,NOVOSIBIRSK,2024-01-12
ab_000419,2026-04-28T10:05:00Z,419,12,4726.71,cancelled,NOVOSIBIRSK,2024-05-03
ab_000420,2026-04-28T10:05:00Z,420,28,2920.89,completed,MOSCOW,2024-05-24
ab_000421,2026-04-28T10:05:00Z,421,64,2991.62,cancelled,NOVOSIBIRSK,2024-05-26
ab_000422,2026-04-28T10:05:00Z,422,69,50.81,completed,NOVOSIBIRSK,2024-03-09
ab_000423,2026-04-28T10:05:00Z,423,34,3640.27,pending,KAZAN,2024-01-24
ab_000424,2026-04-28T10:05:00Z,424,52,265.28,cancelled,SPB,2024-07-04
ab_000425,2026-04-28T10:05:00Z,425,71,1450.12,pending,NOVOSIBIRSK,2024-10-08
ab_000426,2026-04-28T10:05:00Z,426,36,4128.3,cancelled,MOSCOW,2024-03-06
ab_000427,2026-04-28T10:05:00Z,427,13,1975.58,pending,KAZAN,2024-03-14
ab_000428,2026-04-28T10:05:00Z,428,26,3016.29,pending,MOSCOW,2024-01-24
ab_000429,2026-04-28T10:05:00Z,429,5,693.81,pending,NOVOSIBIRSK,2024-09-22
ab_000430,2026-04-28T10:05:00Z,430,59,753.21,cancelled,SPB,2024-06-16
ab_000431,2026-04-28T10:05:00Z,431,79,1599.46,pending,KAZAN,2024-10-30
ab_000432,2026-04-28T10:05:00Z,432,44,2541.5,cancelled,NOVOSIBIRSK,2024-12-28
ab_000433,2026-04-28T10:05:00Z,433,73,1505.95,completed,KAZAN,2024-06-18
ab_000434,2026-04-28T10:05:00Z,434,87,556.93,pending,KAZAN,2024-12-18
ab_000435,2026-04-28T10:05:00Z,435,81,142.97,pending,KAZAN,2024-12-01
ab_000436,2026-04-28T10:05:00Z,436,101,4860.56,cancelled,SPB,2024-01-27
ab_000437,2026-04-28T10:05:00Z,437,75,2407.44,cancelled,NOVOSIBIRSK,2024-03-16
ab_000438,2026-04-28T10:05:00Z,438,88,1218.56,cancelled,MOSCOW,2024-04-07
ab_000439,2026-04-28T10:05:00Z,439,3,2210.78,pending,SPB,2024-07-30
ab_000440,2026-04-28T10:05:00Z,440,89,1027.42,cancelled,NOVOSIBIRSK,2024-02-01
ab_000441,2026-04-28T10:05:00Z,441,91,699.03,completed,KAZAN,2024-12-05
ab_000442,2026-04-28T10:05:00Z,442,62,2632.13,pending,SPB,2024-08-23
ab_000443,2026-04-28T10:05:00Z,443,69,1718.21,pending,KAZAN,2024-11-08
ab_000444,2026-04-28T10:05:00Z,444,62,969.4,completed,KAZAN,2024-10-12
ab_000445,2026-04-28T10:05:00Z,445,39,1132.09,pending,KAZAN,2024-12-26
ab_000446,2026-04-28T10:05:00Z,446,27,3454.3,pending,KAZAN,2024-09-02
ab_000447,2026-04-28T10:05:00Z,447,45,2806.83,cancelled,KAZAN,2024-05-27
ab_000448,2026-04-28T10:05:00Z,448,16,2871.65,cancelled,NOVOSIBIRSK,2024-07-21
ab_000449,2026-04-28T10:05:00Z,449,45,4773.5,completed,KAZAN,2024-01-22
ab_000450,2026-04-28T10:05:00Z,450,37,4777.02,completed,KAZAN,2024-08-14
ab_000451,2026-04-28T10:05:00Z,451,84,1289.66,pending,SPB,2024-04-13
ab_000452,2026-04-28T10:05:00Z,452,69,1362.95,cancelled,KAZAN,2024-03-11
ab_000453,2026-04-28T10:05:00Z,453,14,3082.23,cancelled,SPB,2024-05-04
ab_000454,2026-04-28T10:05:00Z,454,7,3352.47,cancelled,SPB,2024-11-22
ab_000455,2026-04-28T10:05:00Z,455,30,271.93,pending,KAZAN,2024-08-29
ab_000456,2026-04-28T10:05:00Z,456,13,3409.15,completed,MOSCOW,2024-10-08
ab_000457,2026-04-28T10:05:00Z,457,21,2040.47,pending,NOVOSIBIRSK,2024-11-29
ab_000458,2026-04-28T10:05:00Z,458,26,3782.0,pending,KAZAN,2024-05-26
ab_000459,2026-04-28T10:05:00Z,459,83,305.22,completed,SPB,2024-09-30
ab_000460,2026-04-28T10:05:00Z,460,95,3618.36,completed,SPB,2024-08-01
ab_000461,2026-04-28T10:05:00Z,461,23,4670.27,completed,NOVOSIBIRSK,2024-09-10
ab_000462,2026-04-28T10:05:00Z,462,24,4683.68,pending,MOSCOW,2024-01-05
ab_000463,2026-04-28T10:05:00Z,463,39,2844.13,completed,KAZAN,2024-05-25
ab_000464,2026-04-28T10:05:00Z,464,59,4945.61,cancelled,NOVOSIBIRSK,2024-03-09
ab_000465,2026-04-28T10:05:00Z,465,65,2345.42,completed,MOSCOW,2024-06-18
ab_000466,2026-04-28T10:05:00Z,466,21,3658.28,cancelled,KAZAN,2024-04-05
ab_000467,2026-04-28T10:05:00Z,467,2,3685.72,pending,SPB,2024-03-30
ab_000468,2026-04-28T10:05:00Z,468,79,4282.17,pending,NOVOSIBIRSK,2024-09-20
ab_000469,2026-04-28T10:05:00Z,469,42,442.82,cancelled,MOSCOW,2024-04-04
ab_000470,2026-04-28T10:05:00Z,470,18,2392.5,completed,MOSCOW,2024-05-13
ab_000471,2026-04-28T10:05:00Z,471,50,1185.25,pending,KAZAN,2024-06-03
ab_000472,2026-04-28T10:05:00Z,472,75,3617.18,completed,KAZAN,2024-11-30
ab_000473,2026-04-28T10:05:00Z,473,47,3466.92,completed,MOSCOW,2024-08-26
ab_000474,2026-04-28T10:05:00Z,474,40,806.99,cancelled,KAZAN,2024-12-19
ab_000475,2026-04-28T10:05:00Z,475,16,3197.17,pending,KAZAN,2024-11-10
ab_000476,2026-04-28T10:05:00Z,476,29,1103.45,completed,NOVOSIBIRSK,2024-03-19
ab_000477,2026-04-28T10:05:00Z,477,59,3741.2,cancelled,KAZAN,2024-07-31
ab_000478,2026-04-28T10:05:00Z,478,90,2750.68,pending,SPB,2024-05-06
ab_000479,2026-04-28T10:05:00Z,479,88,3776.15,completed,NOVOSIBIRSK,2024-09-27
ab_000480,2026-04-28T10:05:00Z,480,91,1815.31,cancelled,MOSCOW,2024-02-01
ab_000481,2026-04-28T10:05:00Z,481,71,4515.41,completed,SPB,2024-03-25
ab_000482,2026-04-28T10:05:00Z,482,42,4273.89,pending,MOSCOW,2024-12-14
ab_000483,2026-04-28T10:05:00Z,483,27,3587.42,pending,MOSCOW,2024-09-18
ab_000484,2026-04-28T10:05:00Z,484,58,4045.37,pending,SPB,2024-09-19
ab_000485,2026-04-28T10:05:00Z,485,54,2289.42,completed,NOVOSIBIRSK,2024-12-10
ab_000486,2026-04-28T10:05:00Z,486,40,3619.17,pending,KAZAN,2024-01-02
ab_000487,2026-04-28T10:05:00Z,487,96,1097.33,completed,MOSCOW,2024-08-04
ab_000488,2026-04-28T10:05:00Z,488,45,3504.92,cancelled,MOSCOW,2024-02-05
ab_000489,2026-04-28T10:05:00Z,489,61,168.36,pending,SPB,2024-03-10
ab_000490,2026-04-28T10:05:00Z,490,99,3211.21,cancelled,NOVOSIBIRSK,2024-07-10
ab_000491,2026-04-28T10:05:00Z,491,49,2248.2,pending,NOVOSIBIRSK,2024-02-11
ab_000492,2026-04-28T10:05:00Z,492,88,4821.08,cancelled,SPB,2024-11-30
ab_000493,2026-04-28T10:05:00Z,493,45,601.98,cancelled,NOVOSIBIRSK,2024-09-27
ab_000494,2026-04-28T10:05:00Z,494,17,3642.01,completed,MOSCOW,2024-01-12
ab_000495,2026-04-28T10:05:00Z,495,39,2320.39,cancelled,NOVOSIBIRSK,2024-09-29
ab_000496,2026-04-28T10:05:00Z,496,49,4118.57,completed,NOVOSIBIRSK,2024-06-26
ab_000497,2026-04-28T10:05:00Z,497,20,1385.49,cancelled,MOSCOW,2024-01-17
ab_000498,2026-04-28T10:05:00Z,498,85,2102.01,completed,SPB,2024-04-15
ab_000499,2026-04-28T10:05:00Z,499,9,513.47,completed,NOVOSIBIRSK,2024-11-02
ab_000500,2026-04-28T10:05:00Z,500,87,3519.4,completed,SPB,2024-01-23
