sha,author,message,committed_at
abc0001,bob@dev.com,chore: cleanup,2026-01-30
abc0002,carol@dev.com,fix: schema bug,2026-04-07
abc0003,alice@dev.com,fix: schema bug,2026-03-06
abc0004,bob@dev.com,fix: schema bug,2026-04-15
abc0005,carol@dev.com,docs: update,2026-03-15
abc0006,carol@dev.com,docs: update,2026-01-31
abc0007,bob@dev.com,fix: schema bug,2026-03-26
abc0008,carol@dev.com,fix: schema bug,2026-02-22
abc0009,bob@dev.com,docs: update,2026-01-08
abc0010,carol@dev.com,fix: schema bug,2026-03-22
abc0011,carol@dev.com,chore: cleanup,2026-03-13
abc0012,bob@dev.com,feat: new model,2026-02-14
abc0013,carol@dev.com,chore: cleanup,2026-04-11
abc0014,carol@dev.com,docs: update,2026-03-31
abc0015,bob@dev.com,chore: cleanup,2026-01-20
abc0016,bob@dev.com,chore: cleanup,2026-01-24
abc0017,carol@dev.com,chore: cleanup,2026-01-31
abc0018,alice@dev.com,docs: update,2026-04-20
abc0019,carol@dev.com,fix: schema bug,2026-04-14
abc0020,bob@dev.com,feat: new model,2026-03-13
abc0021,bob@dev.com,chore: cleanup,2026-03-13
abc0022,carol@dev.com,fix: schema bug,2026-02-19
abc0023,alice@dev.com,docs: update,2026-01-27
abc0024,bob@dev.com,feat: new model,2026-04-29
abc0025,bob@dev.com,docs: update,2026-01-12
abc0026,carol@dev.com,fix: schema bug,2026-01-07
abc0027,bob@dev.com,chore: cleanup,2026-03-28
abc0028,carol@dev.com,feat: new model,2026-04-22
abc0029,alice@dev.com,fix: schema bug,2026-04-13
abc0030,carol@dev.com,fix: schema bug,2026-03-03
abc0031,alice@dev.com,docs: update,2026-02-08
abc0032,alice@dev.com,fix: schema bug,2026-04-30
abc0033,alice@dev.com,feat: new model,2026-04-06
abc0034,bob@dev.com,fix: schema bug,2026-03-31
abc0035,carol@dev.com,fix: schema bug,2026-02-20
abc0036,alice@dev.com,docs: update,2026-04-10
abc0037,bob@dev.com,chore: cleanup,2026-03-01
abc0038,carol@dev.com,docs: update,2026-02-09
abc0039,bob@dev.com,docs: update,2026-03-07
abc0040,bob@dev.com,chore: cleanup,2026-01-13
abc0041,carol@dev.com,chore: cleanup,2026-04-08
abc0042,bob@dev.com,fix: schema bug,2026-02-17
abc0043,bob@dev.com,chore: cleanup,2026-01-06
abc0044,carol@dev.com,fix: schema bug,2026-04-05
abc0045,alice@dev.com,feat: new model,2026-02-03
abc0046,carol@dev.com,chore: cleanup,2026-02-07
abc0047,alice@dev.com,fix: schema bug,2026-02-12
abc0048,alice@dev.com,chore: cleanup,2026-03-14
abc0049,alice@dev.com,chore: cleanup,2026-03-12
abc0050,carol@dev.com,docs: update,2026-02-02
