order_id,customer_id,product,category,amount,quantity,status,city,order_date,total_amount,month,quarter,year,day_of_week,revenue_tier
2,180,Часы,Аксессуары,5357,2,completed,Москва,2024-01-01 08:00:00,10714,1,1,2024,Monday,Высокий
4,15,Телефон,Электроника,11681,3,completed,НСК,2024-01-02 00:00:00,35043,1,1,2024,Tuesday,VIP
6,72,Наушники,Аксессуары,13791,3,completed,СПб,2024-01-02 16:00:00,41373,1,1,2024,Tuesday,VIP
7,189,Часы,Электроника,10248,2,completed,Казань,2024-01-03 00:00:00,20496,1,1,2024,Wednesday,VIP
8,21,Телефон,Электроника,8991,4,completed,НСК,2024-01-03 08:00:00,35964,1,1,2024,Wednesday,VIP
13,117,Наушники,Аксессуары,3956,1,completed,Москва,2024-01-05 00:00:00,3956,1,1,2024,Friday,Средний
14,100,Ноутбук,Электроника,2127,4,completed,Екб,2024-01-05 08:00:00,8508,1,1,2024,Friday,Высокий
15,104,Ноутбук,Аксессуары,14770,2,completed,НСК,2024-01-05 16:00:00,29540,1,1,2024,Friday,VIP
16,152,Наушники,Электроника,9995,1,completed,НСК,2024-01-06 00:00:00,9995,1,1,2024,Saturday,Высокий
17,131,Наушники,Аксессуары,7126,3,completed,Казань,2024-01-06 08:00:00,21378,1,1,2024,Saturday,VIP
18,150,Часы,Аксессуары,5504,1,completed,Москва,2024-01-06 16:00:00,5504,1,1,2024,Saturday,Высокий
19,53,Планшет,Электроника,9826,3,completed,Екб,2024-01-07 00:00:00,29478,1,1,2024,Sunday,VIP
20,2,Ноутбук,Аксессуары,10878,4,completed,Москва,2024-01-07 08:00:00,43512,1,1,2024,Sunday,VIP
21,88,Планшет,Электроника,13783,1,completed,НСК,2024-01-07 16:00:00,13783,1,1,2024,Sunday,Высокий
22,158,Планшет,Аксессуары,7152,2,completed,Москва,2024-01-08 00:00:00,14304,1,1,2024,Monday,Высокий
26,188,Часы,Аксессуары,8517,4,completed,Москва,2024-01-09 08:00:00,34068,1,1,2024,Tuesday,VIP
27,21,Часы,Электроника,2651,2,completed,СПб,2024-01-09 16:00:00,5302,1,1,2024,Tuesday,Высокий
29,58,Часы,Аксессуары,14572,2,completed,Казань,2024-01-10 08:00:00,29144,1,1,2024,Wednesday,VIP
30,22,Ноутбук,Аксессуары,12427,4,completed,Казань,2024-01-10 16:00:00,49708,1,1,2024,Wednesday,VIP
31,89,Планшет,Аксессуары,7405,3,completed,Москва,2024-01-11 00:00:00,22215,1,1,2024,Thursday,VIP
32,49,Ноутбук,Аксессуары,3334,1,completed,Казань,2024-01-11 08:00:00,3334,1,1,2024,Thursday,Средний
33,59,Телефон,Электроника,12952,2,completed,Москва,2024-01-11 16:00:00,25904,1,1,2024,Thursday,VIP
34,170,Планшет,Аксессуары,9690,2,completed,Москва,2024-01-12 00:00:00,19380,1,1,2024,Friday,Высокий
35,188,Телефон,Электроника,3067,4,completed,СПб,2024-01-12 08:00:00,12268,1,1,2024,Friday,Высокий
36,15,Планшет,Электроника,1807,1,completed,Казань,2024-01-12 16:00:00,1807,1,1,2024,Friday,Средний
37,190,Наушники,Электроника,9348,3,completed,Москва,2024-01-13 00:00:00,28044,1,1,2024,Saturday,VIP
39,175,Наушники,Электроника,10903,1,completed,Екб,2024-01-13 16:00:00,10903,1,1,2024,Saturday,Высокий
40,190,Телефон,Электроника,10601,3,completed,СПб,2024-01-14 00:00:00,31803,1,1,2024,Sunday,VIP
42,108,Планшет,Электроника,10738,2,completed,Москва,2024-01-14 16:00:00,21476,1,1,2024,Sunday,VIP
43,55,Часы,Электроника,6707,3,completed,НСК,2024-01-15 00:00:00,20121,1,1,2024,Monday,VIP
44,64,Ноутбук,Электроника,3662,3,completed,НСК,2024-01-15 08:00:00,10986,1,1,2024,Monday,Высокий
45,131,Часы,Электроника,1640,4,completed,НСК,2024-01-15 16:00:00,6560,1,1,2024,Monday,Высокий
46,51,Ноутбук,Электроника,14677,1,completed,СПб,2024-01-16 00:00:00,14677,1,1,2024,Tuesday,Высокий
48,21,Ноутбук,Аксессуары,10537,4,completed,Казань,2024-01-16 16:00:00,42148,1,1,2024,Tuesday,VIP
49,73,Телефон,Аксессуары,2208,2,completed,СПб,2024-01-17 00:00:00,4416,1,1,2024,Wednesday,Средний
50,167,Наушники,Аксессуары,4130,3,completed,СПб,2024-01-17 08:00:00,12390,1,1,2024,Wednesday,Высокий
51,18,Планшет,Электроника,3711,3,completed,Москва,2024-01-17 16:00:00,11133,1,1,2024,Wednesday,Высокий
52,132,Часы,Электроника,10985,3,completed,Екб,2024-01-18 00:00:00,32955,1,1,2024,Thursday,VIP
53,89,Наушники,Аксессуары,12424,2,completed,СПб,2024-01-18 08:00:00,24848,1,1,2024,Thursday,VIP
54,60,Планшет,Электроника,12521,3,completed,Екб,2024-01-18 16:00:00,37563,1,1,2024,Thursday,VIP
55,14,Планшет,Электроника,7038,3,completed,Екб,2024-01-19 00:00:00,21114,1,1,2024,Friday,VIP
56,9,Ноутбук,Электроника,10202,4,completed,НСК,2024-01-19 08:00:00,40808,1,1,2024,Friday,VIP
57,90,Телефон,Электроника,975,2,completed,Москва,2024-01-19 16:00:00,1950,1,1,2024,Friday,Средний
59,130,Наушники,Электроника,9668,4,completed,Москва,2024-01-20 08:00:00,38672,1,1,2024,Saturday,VIP
60,84,Телефон,Электроника,1707,4,completed,НСК,2024-01-20 16:00:00,6828,1,1,2024,Saturday,Высокий
61,92,Часы,Электроника,13831,1,completed,Москва,2024-01-21 00:00:00,13831,1,1,2024,Sunday,Высокий
63,188,Наушники,Аксессуары,1057,2,completed,Екб,2024-01-21 16:00:00,2114,1,1,2024,Sunday,Средний
64,199,Телефон,Аксессуары,13805,3,completed,Москва,2024-01-22 00:00:00,41415,1,1,2024,Monday,VIP
67,175,Наушники,Электроника,10886,1,completed,Екб,2024-01-23 00:00:00,10886,1,1,2024,Tuesday,Высокий
68,35,Ноутбук,Электроника,5261,4,completed,НСК,2024-01-23 08:00:00,21044,1,1,2024,Tuesday,VIP
72,104,Планшет,Электроника,13651,2,completed,СПб,2024-01-24 16:00:00,27302,1,1,2024,Wednesday,VIP
73,132,Ноутбук,Аксессуары,13369,1,completed,НСК,2024-01-25 00:00:00,13369,1,1,2024,Thursday,Высокий
74,2,Наушники,Электроника,7666,2,completed,НСК,2024-01-25 08:00:00,15332,1,1,2024,Thursday,Высокий
76,54,Часы,Электроника,8429,2,completed,СПб,2024-01-26 00:00:00,16858,1,1,2024,Friday,Высокий
77,106,Телефон,Электроника,5847,1,completed,НСК,2024-01-26 08:00:00,5847,1,1,2024,Friday,Высокий
79,54,Планшет,Электроника,10302,2,completed,НСК,2024-01-27 00:00:00,20604,1,1,2024,Saturday,VIP
81,146,Телефон,Электроника,8625,1,completed,Казань,2024-01-27 16:00:00,8625,1,1,2024,Saturday,Высокий
82,44,Часы,Аксессуары,14027,2,completed,Москва,2024-01-28 00:00:00,28054,1,1,2024,Sunday,VIP
83,162,Планшет,Электроника,2954,2,completed,НСК,2024-01-28 08:00:00,5908,1,1,2024,Sunday,Высокий
85,14,Ноутбук,Аксессуары,2446,1,completed,Казань,2024-01-29 00:00:00,2446,1,1,2024,Monday,Средний
86,95,Часы,Аксессуары,13502,1,completed,НСК,2024-01-29 08:00:00,13502,1,1,2024,Monday,Высокий
88,15,Планшет,Электроника,3308,1,completed,СПб,2024-01-30 00:00:00,3308,1,1,2024,Tuesday,Средний
89,200,Ноутбук,Электроника,7142,4,completed,НСК,2024-01-30 08:00:00,28568,1,1,2024,Tuesday,VIP
90,190,Наушники,Электроника,4325,3,completed,Екб,2024-01-30 16:00:00,12975,1,1,2024,Tuesday,Высокий
91,40,Часы,Аксессуары,4036,3,completed,НСК,2024-01-31 00:00:00,12108,1,1,2024,Wednesday,Высокий
92,82,Планшет,Электроника,14502,3,completed,Екб,2024-01-31 08:00:00,43506,1,1,2024,Wednesday,VIP
93,111,Наушники,Электроника,6568,2,completed,НСК,2024-01-31 16:00:00,13136,1,1,2024,Wednesday,Высокий
94,53,Наушники,Аксессуары,4302,2,completed,СПб,2024-02-01 00:00:00,8604,2,1,2024,Thursday,Высокий
95,24,Наушники,Электроника,12869,1,completed,Екб,2024-02-01 08:00:00,12869,2,1,2024,Thursday,Высокий
96,154,Планшет,Электроника,5199,3,completed,Москва,2024-02-01 16:00:00,15597,2,1,2024,Thursday,Высокий
97,188,Планшет,Электроника,2470,4,completed,Екб,2024-02-02 00:00:00,9880,2,1,2024,Friday,Высокий
98,124,Телефон,Аксессуары,6306,2,completed,СПб,2024-02-02 08:00:00,12612,2,1,2024,Friday,Высокий
99,41,Часы,Электроника,6642,4,completed,Екб,2024-02-02 16:00:00,26568,2,1,2024,Friday,VIP
100,157,Ноутбук,Аксессуары,12514,4,completed,НСК,2024-02-03 00:00:00,50056,2,1,2024,Saturday,VIP
101,15,Наушники,Электроника,3319,2,completed,НСК,2024-02-03 08:00:00,6638,2,1,2024,Saturday,Высокий
102,45,Телефон,Электроника,9594,2,completed,СПб,2024-02-03 16:00:00,19188,2,1,2024,Saturday,Высокий
104,89,Телефон,Аксессуары,4758,2,completed,НСК,2024-02-04 08:00:00,9516,2,1,2024,Sunday,Высокий
107,88,Ноутбук,Аксессуары,2363,3,completed,Екб,2024-02-05 08:00:00,7089,2,1,2024,Monday,Высокий
108,129,Ноутбук,Электроника,615,3,completed,Екб,2024-02-05 16:00:00,1845,2,1,2024,Monday,Средний
109,136,Ноутбук,Электроника,7584,1,completed,Москва,2024-02-06 00:00:00,7584,2,1,2024,Tuesday,Высокий
111,139,Ноутбук,Электроника,2884,2,completed,СПб,2024-02-06 16:00:00,5768,2,1,2024,Tuesday,Высокий
112,81,Телефон,Аксессуары,13668,4,completed,Москва,2024-02-07 00:00:00,54672,2,1,2024,Wednesday,VIP
113,136,Наушники,Аксессуары,4435,3,completed,НСК,2024-02-07 08:00:00,13305,2,1,2024,Wednesday,Высокий
116,33,Планшет,Аксессуары,8242,4,completed,СПб,2024-02-08 08:00:00,32968,2,1,2024,Thursday,VIP
117,123,Планшет,Электроника,5942,4,completed,Казань,2024-02-08 16:00:00,23768,2,1,2024,Thursday,VIP
118,5,Телефон,Аксессуары,2990,3,completed,СПб,2024-02-09 00:00:00,8970,2,1,2024,Friday,Высокий
119,41,Часы,Электроника,7480,4,completed,Казань,2024-02-09 08:00:00,29920,2,1,2024,Friday,VIP
121,135,Ноутбук,Электроника,9634,3,completed,Казань,2024-02-10 00:00:00,28902,2,1,2024,Saturday,VIP
122,72,Часы,Аксессуары,8161,2,completed,Екб,2024-02-10 08:00:00,16322,2,1,2024,Saturday,Высокий
123,12,Планшет,Электроника,2224,2,completed,НСК,2024-02-10 16:00:00,4448,2,1,2024,Saturday,Средний
126,48,Ноутбук,Аксессуары,3267,2,completed,Екб,2024-02-11 16:00:00,6534,2,1,2024,Sunday,Высокий
128,62,Наушники,Электроника,11219,2,completed,Москва,2024-02-12 08:00:00,22438,2,1,2024,Monday,VIP
129,37,Наушники,Электроника,4617,3,completed,Екб,2024-02-12 16:00:00,13851,2,1,2024,Monday,Высокий
130,99,Планшет,Электроника,3920,3,completed,Москва,2024-02-13 00:00:00,11760,2,1,2024,Tuesday,Высокий
131,172,Ноутбук,Аксессуары,6345,2,completed,Екб,2024-02-13 08:00:00,12690,2,1,2024,Tuesday,Высокий
132,104,Часы,Аксессуары,5278,1,completed,Казань,2024-02-13 16:00:00,5278,2,1,2024,Tuesday,Высокий
134,193,Телефон,Электроника,4137,4,completed,Казань,2024-02-14 08:00:00,16548,2,1,2024,Wednesday,Высокий
135,101,Наушники,Электроника,3453,4,completed,Екб,2024-02-14 16:00:00,13812,2,1,2024,Wednesday,Высокий
136,175,Планшет,Электроника,6429,2,completed,Казань,2024-02-15 00:00:00,12858,2,1,2024,Thursday,Высокий
137,131,Телефон,Электроника,11059,1,completed,Москва,2024-02-15 08:00:00,11059,2,1,2024,Thursday,Высокий
139,5,Наушники,Электроника,776,4,completed,Казань,2024-02-16 00:00:00,3104,2,1,2024,Friday,Средний
140,142,Часы,Аксессуары,2499,3,completed,СПб,2024-02-16 08:00:00,7497,2,1,2024,Friday,Высокий
142,27,Часы,Электроника,6837,2,completed,Екб,2024-02-17 00:00:00,13674,2,1,2024,Saturday,Высокий
143,137,Наушники,Аксессуары,12444,1,completed,Казань,2024-02-17 08:00:00,12444,2,1,2024,Saturday,Высокий
144,15,Наушники,Аксессуары,4235,4,completed,СПб,2024-02-17 16:00:00,16940,2,1,2024,Saturday,Высокий
145,90,Наушники,Аксессуары,1195,1,completed,Москва,2024-02-18 00:00:00,1195,2,1,2024,Sunday,Средний
148,179,Наушники,Аксессуары,8401,1,completed,Казань,2024-02-19 00:00:00,8401,2,1,2024,Monday,Высокий
150,96,Планшет,Электроника,11926,1,completed,СПб,2024-02-19 16:00:00,11926,2,1,2024,Monday,Высокий
151,52,Планшет,Электроника,12806,3,completed,Екб,2024-02-20 00:00:00,38418,2,1,2024,Tuesday,VIP
152,96,Планшет,Электроника,8037,3,completed,Москва,2024-02-20 08:00:00,24111,2,1,2024,Tuesday,VIP
153,132,Часы,Аксессуары,11003,2,completed,СПб,2024-02-20 16:00:00,22006,2,1,2024,Tuesday,VIP
154,151,Часы,Электроника,3341,3,completed,НСК,2024-02-21 00:00:00,10023,2,1,2024,Wednesday,Высокий
155,143,Телефон,Электроника,4708,4,completed,Москва,2024-02-21 08:00:00,18832,2,1,2024,Wednesday,Высокий
157,29,Планшет,Электроника,12090,3,completed,Казань,2024-02-22 00:00:00,36270,2,1,2024,Thursday,VIP
158,36,Наушники,Электроника,9233,4,completed,СПб,2024-02-22 08:00:00,36932,2,1,2024,Thursday,VIP
159,13,Часы,Электроника,11386,2,completed,Казань,2024-02-22 16:00:00,22772,2,1,2024,Thursday,VIP
160,160,Планшет,Электроника,13366,4,completed,СПб,2024-02-23 00:00:00,53464,2,1,2024,Friday,VIP
161,71,Телефон,Аксессуары,1588,2,completed,Екб,2024-02-23 08:00:00,3176,2,1,2024,Friday,Средний
162,187,Телефон,Электроника,3863,2,completed,Казань,2024-02-23 16:00:00,7726,2,1,2024,Friday,Высокий
164,28,Часы,Аксессуары,10264,1,completed,НСК,2024-02-24 08:00:00,10264,2,1,2024,Saturday,Высокий
165,66,Телефон,Аксессуары,6644,4,completed,Казань,2024-02-24 16:00:00,26576,2,1,2024,Saturday,VIP
166,170,Наушники,Электроника,11650,1,completed,СПб,2024-02-25 00:00:00,11650,2,1,2024,Sunday,Высокий
167,45,Телефон,Электроника,6168,1,completed,НСК,2024-02-25 08:00:00,6168,2,1,2024,Sunday,Высокий
168,62,Ноутбук,Электроника,4736,1,completed,Казань,2024-02-25 16:00:00,4736,2,1,2024,Sunday,Средний
170,134,Часы,Аксессуары,13435,3,completed,Екб,2024-02-26 08:00:00,40305,2,1,2024,Monday,VIP
171,28,Планшет,Аксессуары,8568,1,completed,Казань,2024-02-26 16:00:00,8568,2,1,2024,Monday,Высокий
172,28,Часы,Электроника,2735,1,completed,Москва,2024-02-27 00:00:00,2735,2,1,2024,Tuesday,Средний
173,108,Часы,Аксессуары,7795,4,completed,НСК,2024-02-27 08:00:00,31180,2,1,2024,Tuesday,VIP
174,44,Часы,Электроника,8892,3,completed,Москва,2024-02-27 16:00:00,26676,2,1,2024,Tuesday,VIP
176,30,Наушники,Электроника,8948,2,completed,Екб,2024-02-28 08:00:00,17896,2,1,2024,Wednesday,Высокий
178,75,Телефон,Электроника,13334,1,completed,Казань,2024-02-29 00:00:00,13334,2,1,2024,Thursday,Высокий
180,92,Часы,Электроника,3675,2,completed,НСК,2024-02-29 16:00:00,7350,2,1,2024,Thursday,Высокий
181,190,Телефон,Электроника,12298,2,completed,Казань,2024-03-01 00:00:00,24596,3,1,2024,Friday,VIP
182,129,Ноутбук,Электроника,12028,4,completed,Москва,2024-03-01 08:00:00,48112,3,1,2024,Friday,VIP
184,27,Наушники,Аксессуары,5537,2,completed,Екб,2024-03-02 00:00:00,11074,3,1,2024,Saturday,Высокий
185,190,Ноутбук,Электроника,7927,4,completed,Москва,2024-03-02 08:00:00,31708,3,1,2024,Saturday,VIP
186,121,Планшет,Аксессуары,9105,2,completed,Казань,2024-03-02 16:00:00,18210,3,1,2024,Saturday,Высокий
188,3,Наушники,Аксессуары,1881,2,completed,СПб,2024-03-03 08:00:00,3762,3,1,2024,Sunday,Средний
190,198,Телефон,Электроника,3926,3,completed,Москва,2024-03-04 00:00:00,11778,3,1,2024,Monday,Высокий
191,200,Часы,Электроника,4155,2,completed,СПб,2024-03-04 08:00:00,8310,3,1,2024,Monday,Высокий
192,155,Ноутбук,Аксессуары,8438,2,completed,Екб,2024-03-04 16:00:00,16876,3,1,2024,Monday,Высокий
194,62,Планшет,Электроника,687,4,completed,Москва,2024-03-05 08:00:00,2748,3,1,2024,Tuesday,Средний
196,51,Ноутбук,Электроника,12448,1,completed,Москва,2024-03-06 00:00:00,12448,3,1,2024,Wednesday,Высокий
197,172,Наушники,Аксессуары,10707,3,completed,Казань,2024-03-06 08:00:00,32121,3,1,2024,Wednesday,VIP
198,152,Ноутбук,Электроника,5909,1,completed,НСК,2024-03-06 16:00:00,5909,3,1,2024,Wednesday,Высокий
199,59,Телефон,Аксессуары,2592,4,completed,Казань,2024-03-07 00:00:00,10368,3,1,2024,Thursday,Высокий
204,113,Ноутбук,Электроника,6147,3,completed,НСК,2024-03-08 16:00:00,18441,3,1,2024,Friday,Высокий
205,62,Планшет,Электроника,5685,1,completed,Москва,2024-03-09 00:00:00,5685,3,1,2024,Saturday,Высокий
207,52,Ноутбук,Электроника,11114,2,completed,Екб,2024-03-09 16:00:00,22228,3,1,2024,Saturday,VIP
210,130,Телефон,Электроника,8047,4,completed,СПб,2024-03-10 16:00:00,32188,3,1,2024,Sunday,VIP
212,113,Планшет,Электроника,7855,3,completed,СПб,2024-03-11 08:00:00,23565,3,1,2024,Monday,VIP
213,101,Телефон,Электроника,6965,1,completed,Екб,2024-03-11 16:00:00,6965,3,1,2024,Monday,Высокий
214,113,Планшет,Аксессуары,13237,1,completed,Казань,2024-03-12 00:00:00,13237,3,1,2024,Tuesday,Высокий
215,184,Ноутбук,Электроника,1997,2,completed,НСК,2024-03-12 08:00:00,3994,3,1,2024,Tuesday,Средний
216,81,Планшет,Аксессуары,13824,2,completed,Москва,2024-03-12 16:00:00,27648,3,1,2024,Tuesday,VIP
217,187,Планшет,Электроника,10850,4,completed,СПб,2024-03-13 00:00:00,43400,3,1,2024,Wednesday,VIP
220,130,Планшет,Электроника,5909,3,completed,Москва,2024-03-14 00:00:00,17727,3,1,2024,Thursday,Высокий
221,54,Ноутбук,Аксессуары,11034,1,completed,НСК,2024-03-14 08:00:00,11034,3,1,2024,Thursday,Высокий
223,129,Наушники,Аксессуары,1738,3,completed,СПб,2024-03-15 00:00:00,5214,3,1,2024,Friday,Высокий
224,147,Ноутбук,Электроника,9665,3,completed,Екб,2024-03-15 08:00:00,28995,3,1,2024,Friday,VIP
225,126,Ноутбук,Аксессуары,5227,4,completed,Москва,2024-03-15 16:00:00,20908,3,1,2024,Friday,VIP
226,130,Наушники,Аксессуары,4465,4,completed,НСК,2024-03-16 00:00:00,17860,3,1,2024,Saturday,Высокий
227,53,Планшет,Аксессуары,6186,3,completed,СПб,2024-03-16 08:00:00,18558,3,1,2024,Saturday,Высокий
229,160,Часы,Электроника,4201,3,completed,НСК,2024-03-17 00:00:00,12603,3,1,2024,Sunday,Высокий
230,198,Телефон,Электроника,3280,1,completed,НСК,2024-03-17 08:00:00,3280,3,1,2024,Sunday,Средний
231,160,Наушники,Электроника,7898,1,completed,Москва,2024-03-17 16:00:00,7898,3,1,2024,Sunday,Высокий
232,68,Ноутбук,Электроника,2088,2,completed,Казань,2024-03-18 00:00:00,4176,3,1,2024,Monday,Средний
233,183,Ноутбук,Аксессуары,12570,1,completed,СПб,2024-03-18 08:00:00,12570,3,1,2024,Monday,Высокий
236,145,Ноутбук,Аксессуары,936,2,completed,Москва,2024-03-19 08:00:00,1872,3,1,2024,Tuesday,Средний
240,116,Ноутбук,Аксессуары,13864,2,completed,НСК,2024-03-20 16:00:00,27728,3,1,2024,Wednesday,VIP
241,98,Ноутбук,Электроника,12550,3,completed,НСК,2024-03-21 00:00:00,37650,3,1,2024,Thursday,VIP
242,198,Наушники,Аксессуары,7980,2,completed,Казань,2024-03-21 08:00:00,15960,3,1,2024,Thursday,Высокий
243,139,Планшет,Аксессуары,9996,2,completed,НСК,2024-03-21 16:00:00,19992,3,1,2024,Thursday,Высокий
244,144,Планшет,Электроника,14866,1,completed,СПб,2024-03-22 00:00:00,14866,3,1,2024,Friday,Высокий
245,97,Планшет,Электроника,11076,3,completed,СПб,2024-03-22 08:00:00,33228,3,1,2024,Friday,VIP
249,93,Наушники,Электроника,6065,4,completed,СПб,2024-03-23 16:00:00,24260,3,1,2024,Saturday,VIP
250,3,Планшет,Электроника,7741,3,completed,СПб,2024-03-24 00:00:00,23223,3,1,2024,Sunday,VIP
251,148,Телефон,Электроника,8151,2,completed,Екб,2024-03-24 08:00:00,16302,3,1,2024,Sunday,Высокий
252,187,Ноутбук,Аксессуары,6075,2,completed,НСК,2024-03-24 16:00:00,12150,3,1,2024,Sunday,Высокий
253,164,Планшет,Электроника,2089,2,completed,СПб,2024-03-25 00:00:00,4178,3,1,2024,Monday,Средний
254,147,Телефон,Аксессуары,10279,3,completed,Москва,2024-03-25 08:00:00,30837,3,1,2024,Monday,VIP
255,90,Телефон,Электроника,9351,3,completed,Москва,2024-03-25 16:00:00,28053,3,1,2024,Monday,VIP
257,147,Ноутбук,Электроника,12645,3,completed,НСК,2024-03-26 08:00:00,37935,3,1,2024,Tuesday,VIP
259,96,Планшет,Электроника,9703,1,completed,Казань,2024-03-27 00:00:00,9703,3,1,2024,Wednesday,Высокий
260,199,Часы,Аксессуары,8744,4,completed,Москва,2024-03-27 08:00:00,34976,3,1,2024,Wednesday,VIP
261,52,Ноутбук,Электроника,13833,2,completed,НСК,2024-03-27 16:00:00,27666,3,1,2024,Wednesday,VIP
262,161,Наушники,Аксессуары,13841,3,completed,Москва,2024-03-28 00:00:00,41523,3,1,2024,Thursday,VIP
263,168,Планшет,Аксессуары,7346,2,completed,НСК,2024-03-28 08:00:00,14692,3,1,2024,Thursday,Высокий
264,128,Телефон,Электроника,2807,2,completed,СПб,2024-03-28 16:00:00,5614,3,1,2024,Thursday,Высокий
265,39,Телефон,Электроника,1728,1,completed,Москва,2024-03-29 00:00:00,1728,3,1,2024,Friday,Средний
266,82,Планшет,Аксессуары,7726,3,completed,СПб,2024-03-29 08:00:00,23178,3,1,2024,Friday,VIP
267,104,Телефон,Электроника,6090,4,completed,Москва,2024-03-29 16:00:00,24360,3,1,2024,Friday,VIP
269,11,Ноутбук,Аксессуары,6085,2,completed,Екб,2024-03-30 08:00:00,12170,3,1,2024,Saturday,Высокий
271,178,Телефон,Аксессуары,12394,3,completed,НСК,2024-03-31 00:00:00,37182,3,1,2024,Sunday,VIP
274,42,Ноутбук,Электроника,5445,1,completed,СПб,2024-04-01 00:00:00,5445,4,2,2024,Monday,Высокий
275,99,Планшет,Электроника,8427,1,completed,Москва,2024-04-01 08:00:00,8427,4,2,2024,Monday,Высокий
277,144,Наушники,Электроника,13886,2,completed,Москва,2024-04-02 00:00:00,27772,4,2,2024,Tuesday,VIP
278,90,Ноутбук,Аксессуары,7516,3,completed,Екб,2024-04-02 08:00:00,22548,4,2,2024,Tuesday,VIP
279,112,Наушники,Электроника,14527,1,completed,Екб,2024-04-02 16:00:00,14527,4,2,2024,Tuesday,Высокий
282,2,Ноутбук,Аксессуары,5586,4,completed,Казань,2024-04-03 16:00:00,22344,4,2,2024,Wednesday,VIP
283,129,Часы,Аксессуары,9956,4,completed,Казань,2024-04-04 00:00:00,39824,4,2,2024,Thursday,VIP
284,48,Телефон,Электроника,7661,1,completed,Казань,2024-04-04 08:00:00,7661,4,2,2024,Thursday,Высокий
285,140,Планшет,Аксессуары,2384,2,completed,Москва,2024-04-04 16:00:00,4768,4,2,2024,Thursday,Средний
287,37,Часы,Электроника,3667,1,completed,СПб,2024-04-05 08:00:00,3667,4,2,2024,Friday,Средний
288,160,Часы,Электроника,12489,2,completed,Москва,2024-04-05 16:00:00,24978,4,2,2024,Friday,VIP
289,9,Наушники,Аксессуары,11033,4,completed,Екб,2024-04-06 00:00:00,44132,4,2,2024,Saturday,VIP
291,147,Телефон,Электроника,12106,1,completed,СПб,2024-04-06 16:00:00,12106,4,2,2024,Saturday,Высокий
292,48,Телефон,Электроника,13899,2,completed,СПб,2024-04-07 00:00:00,27798,4,2,2024,Sunday,VIP
293,131,Ноутбук,Электроника,9509,1,completed,СПб,2024-04-07 08:00:00,9509,4,2,2024,Sunday,Высокий
294,148,Наушники,Аксессуары,14587,2,completed,Москва,2024-04-07 16:00:00,29174,4,2,2024,Sunday,VIP
295,152,Планшет,Аксессуары,6556,3,completed,НСК,2024-04-08 00:00:00,19668,4,2,2024,Monday,Высокий
296,54,Наушники,Аксессуары,2937,3,completed,СПб,2024-04-08 08:00:00,8811,4,2,2024,Monday,Высокий
297,120,Планшет,Электроника,6968,4,completed,НСК,2024-04-08 16:00:00,27872,4,2,2024,Monday,VIP
301,75,Телефон,Электроника,9359,4,completed,НСК,2024-04-10 00:00:00,37436,4,2,2024,Wednesday,VIP
303,200,Ноутбук,Электроника,5228,4,completed,Москва,2024-04-10 16:00:00,20912,4,2,2024,Wednesday,VIP
304,164,Наушники,Электроника,3124,3,completed,СПб,2024-04-11 00:00:00,9372,4,2,2024,Thursday,Высокий
305,166,Часы,Электроника,6238,1,completed,Казань,2024-04-11 08:00:00,6238,4,2,2024,Thursday,Высокий
306,104,Планшет,Электроника,4732,3,completed,СПб,2024-04-11 16:00:00,14196,4,2,2024,Thursday,Высокий
307,84,Телефон,Электроника,14734,4,completed,СПб,2024-04-12 00:00:00,58936,4,2,2024,Friday,VIP
308,112,Телефон,Аксессуары,6293,2,completed,СПб,2024-04-12 08:00:00,12586,4,2,2024,Friday,Высокий
309,99,Планшет,Аксессуары,5023,2,completed,Екб,2024-04-12 16:00:00,10046,4,2,2024,Friday,Высокий
310,153,Часы,Аксессуары,6071,3,completed,Казань,2024-04-13 00:00:00,18213,4,2,2024,Saturday,Высокий
311,93,Часы,Электроника,9510,2,completed,СПб,2024-04-13 08:00:00,19020,4,2,2024,Saturday,Высокий
312,146,Наушники,Электроника,10880,4,completed,СПб,2024-04-13 16:00:00,43520,4,2,2024,Saturday,VIP
313,128,Наушники,Электроника,9798,3,completed,СПб,2024-04-14 00:00:00,29394,4,2,2024,Sunday,VIP
316,194,Наушники,Электроника,11363,1,completed,Москва,2024-04-15 00:00:00,11363,4,2,2024,Monday,Высокий
317,54,Часы,Электроника,6591,4,completed,Екб,2024-04-15 08:00:00,26364,4,2,2024,Monday,VIP
318,163,Планшет,Электроника,12184,2,completed,СПб,2024-04-15 16:00:00,24368,4,2,2024,Monday,VIP
320,169,Телефон,Аксессуары,9162,3,completed,НСК,2024-04-16 08:00:00,27486,4,2,2024,Tuesday,VIP
321,161,Часы,Электроника,6861,1,completed,НСК,2024-04-16 16:00:00,6861,4,2,2024,Tuesday,Высокий
322,68,Ноутбук,Электроника,2448,3,completed,СПб,2024-04-17 00:00:00,7344,4,2,2024,Wednesday,Высокий
323,33,Телефон,Электроника,13716,2,completed,Москва,2024-04-17 08:00:00,27432,4,2,2024,Wednesday,VIP
324,142,Планшет,Электроника,12591,4,completed,Казань,2024-04-17 16:00:00,50364,4,2,2024,Wednesday,VIP
326,48,Телефон,Аксессуары,12492,4,completed,СПб,2024-04-18 08:00:00,49968,4,2,2024,Thursday,VIP
327,148,Планшет,Аксессуары,7594,3,completed,Казань,2024-04-18 16:00:00,22782,4,2,2024,Thursday,VIP
330,135,Телефон,Аксессуары,12810,3,completed,Казань,2024-04-19 16:00:00,38430,4,2,2024,Friday,VIP
331,195,Наушники,Электроника,4296,2,completed,Москва,2024-04-20 00:00:00,8592,4,2,2024,Saturday,Высокий
332,145,Ноутбук,Электроника,12680,2,completed,Москва,2024-04-20 08:00:00,25360,4,2,2024,Saturday,VIP
334,33,Планшет,Электроника,13912,1,completed,Казань,2024-04-21 00:00:00,13912,4,2,2024,Sunday,Высокий
336,187,Телефон,Электроника,4107,2,completed,Екб,2024-04-21 16:00:00,8214,4,2,2024,Sunday,Высокий
337,115,Телефон,Аксессуары,8543,2,completed,Казань,2024-04-22 00:00:00,17086,4,2,2024,Monday,Высокий
338,119,Наушники,Аксессуары,1022,1,completed,НСК,2024-04-22 08:00:00,1022,4,2,2024,Monday,Средний
339,22,Наушники,Аксессуары,6404,4,completed,Казань,2024-04-22 16:00:00,25616,4,2,2024,Monday,VIP
340,158,Телефон,Аксессуары,12215,1,completed,Екб,2024-04-23 00:00:00,12215,4,2,2024,Tuesday,Высокий
341,38,Наушники,Аксессуары,13218,1,completed,НСК,2024-04-23 08:00:00,13218,4,2,2024,Tuesday,Высокий
342,109,Планшет,Электроника,5388,1,completed,Казань,2024-04-23 16:00:00,5388,4,2,2024,Tuesday,Высокий
344,182,Наушники,Электроника,6332,4,completed,СПб,2024-04-24 08:00:00,25328,4,2,2024,Wednesday,VIP
346,27,Часы,Электроника,7622,2,completed,Москва,2024-04-25 00:00:00,15244,4,2,2024,Thursday,Высокий
347,27,Ноутбук,Аксессуары,6342,3,completed,СПб,2024-04-25 08:00:00,19026,4,2,2024,Thursday,Высокий
348,21,Телефон,Электроника,14463,3,completed,СПб,2024-04-25 16:00:00,43389,4,2,2024,Thursday,VIP
349,30,Ноутбук,Электроника,1816,1,completed,Москва,2024-04-26 00:00:00,1816,4,2,2024,Friday,Средний
351,28,Ноутбук,Электроника,13700,4,completed,Казань,2024-04-26 16:00:00,54800,4,2,2024,Friday,VIP
352,111,Телефон,Электроника,1624,3,completed,Казань,2024-04-27 00:00:00,4872,4,2,2024,Saturday,Средний
353,192,Часы,Электроника,6121,3,completed,Москва,2024-04-27 08:00:00,18363,4,2,2024,Saturday,Высокий
354,197,Наушники,Аксессуары,5923,4,completed,Екб,2024-04-27 16:00:00,23692,4,2,2024,Saturday,VIP
355,61,Телефон,Аксессуары,3087,1,completed,СПб,2024-04-28 00:00:00,3087,4,2,2024,Sunday,Средний
358,4,Ноутбук,Электроника,1878,4,completed,НСК,2024-04-29 00:00:00,7512,4,2,2024,Monday,Высокий
359,35,Планшет,Аксессуары,3874,4,completed,Москва,2024-04-29 08:00:00,15496,4,2,2024,Monday,Высокий
360,192,Телефон,Аксессуары,2019,3,completed,Екб,2024-04-29 16:00:00,6057,4,2,2024,Monday,Высокий
361,49,Часы,Электроника,6277,4,completed,НСК,2024-04-30 00:00:00,25108,4,2,2024,Tuesday,VIP
362,17,Наушники,Электроника,8435,2,completed,НСК,2024-04-30 08:00:00,16870,4,2,2024,Tuesday,Высокий
363,172,Ноутбук,Электроника,6593,3,completed,НСК,2024-04-30 16:00:00,19779,4,2,2024,Tuesday,Высокий
364,158,Наушники,Аксессуары,8918,1,completed,Москва,2024-05-01 00:00:00,8918,5,2,2024,Wednesday,Высокий
365,46,Телефон,Аксессуары,5855,1,completed,Казань,2024-05-01 08:00:00,5855,5,2,2024,Wednesday,Высокий
366,117,Наушники,Электроника,5468,1,completed,Москва,2024-05-01 16:00:00,5468,5,2,2024,Wednesday,Высокий
367,6,Ноутбук,Электроника,9583,3,completed,Казань,2024-05-02 00:00:00,28749,5,2,2024,Thursday,VIP
368,99,Телефон,Электроника,6074,2,completed,НСК,2024-05-02 08:00:00,12148,5,2,2024,Thursday,Высокий
369,124,Наушники,Аксессуары,4572,4,completed,НСК,2024-05-02 16:00:00,18288,5,2,2024,Thursday,Высокий
371,24,Телефон,Аксессуары,2757,1,completed,Казань,2024-05-03 08:00:00,2757,5,2,2024,Friday,Средний
372,93,Телефон,Аксессуары,11480,1,completed,НСК,2024-05-03 16:00:00,11480,5,2,2024,Friday,Высокий
373,46,Часы,Электроника,9088,3,completed,СПб,2024-05-04 00:00:00,27264,5,2,2024,Saturday,VIP
375,95,Ноутбук,Электроника,10770,4,completed,Москва,2024-05-04 16:00:00,43080,5,2,2024,Saturday,VIP
376,99,Планшет,Аксессуары,13436,3,completed,Екб,2024-05-05 00:00:00,40308,5,2,2024,Sunday,VIP
377,188,Наушники,Аксессуары,4924,4,completed,СПб,2024-05-05 08:00:00,19696,5,2,2024,Sunday,Высокий
380,160,Телефон,Электроника,4393,2,completed,Москва,2024-05-06 08:00:00,8786,5,2,2024,Monday,Высокий
384,18,Планшет,Аксессуары,11863,2,completed,Екб,2024-05-07 16:00:00,23726,5,2,2024,Tuesday,VIP
385,25,Часы,Аксессуары,11360,3,completed,СПб,2024-05-08 00:00:00,34080,5,2,2024,Wednesday,VIP
386,54,Ноутбук,Электроника,10570,4,completed,НСК,2024-05-08 08:00:00,42280,5,2,2024,Wednesday,VIP
388,67,Планшет,Аксессуары,2272,1,completed,Казань,2024-05-09 00:00:00,2272,5,2,2024,Thursday,Средний
389,104,Телефон,Аксессуары,8853,1,completed,СПб,2024-05-09 08:00:00,8853,5,2,2024,Thursday,Высокий
390,174,Наушники,Электроника,4476,1,completed,СПб,2024-05-09 16:00:00,4476,5,2,2024,Thursday,Средний
393,32,Часы,Электроника,7930,3,completed,Москва,2024-05-10 16:00:00,23790,5,2,2024,Friday,VIP
395,86,Планшет,Электроника,7670,3,completed,Екб,2024-05-11 08:00:00,23010,5,2,2024,Saturday,VIP
397,194,Часы,Аксессуары,6969,2,completed,Екб,2024-05-12 00:00:00,13938,5,2,2024,Sunday,Высокий
398,127,Планшет,Аксессуары,9631,1,completed,Москва,2024-05-12 08:00:00,9631,5,2,2024,Sunday,Высокий
400,130,Планшет,Электроника,1039,1,completed,СПб,2024-05-13 00:00:00,1039,5,2,2024,Monday,Средний
402,104,Планшет,Аксессуары,1961,3,completed,СПб,2024-05-13 16:00:00,5883,5,2,2024,Monday,Высокий
403,161,Телефон,Аксессуары,5684,1,completed,НСК,2024-05-14 00:00:00,5684,5,2,2024,Tuesday,Высокий
404,137,Ноутбук,Электроника,9047,4,completed,Москва,2024-05-14 08:00:00,36188,5,2,2024,Tuesday,VIP
405,43,Телефон,Аксессуары,12296,3,completed,СПб,2024-05-14 16:00:00,36888,5,2,2024,Tuesday,VIP
406,176,Телефон,Аксессуары,12015,4,completed,НСК,2024-05-15 00:00:00,48060,5,2,2024,Wednesday,VIP
407,39,Наушники,Аксессуары,734,3,completed,Екб,2024-05-15 08:00:00,2202,5,2,2024,Wednesday,Средний
408,170,Ноутбук,Аксессуары,2048,2,completed,Казань,2024-05-15 16:00:00,4096,5,2,2024,Wednesday,Средний
409,26,Ноутбук,Электроника,7980,1,completed,СПб,2024-05-16 00:00:00,7980,5,2,2024,Thursday,Высокий
412,153,Ноутбук,Аксессуары,10793,1,completed,НСК,2024-05-17 00:00:00,10793,5,2,2024,Friday,Высокий
414,13,Планшет,Аксессуары,7208,3,completed,Москва,2024-05-17 16:00:00,21624,5,2,2024,Friday,VIP
415,60,Телефон,Аксессуары,13855,1,completed,НСК,2024-05-18 00:00:00,13855,5,2,2024,Saturday,Высокий
418,36,Планшет,Аксессуары,12349,4,completed,СПб,2024-05-19 00:00:00,49396,5,2,2024,Sunday,VIP
420,20,Наушники,Электроника,12288,4,completed,НСК,2024-05-19 16:00:00,49152,5,2,2024,Sunday,VIP
422,8,Часы,Электроника,3673,4,completed,Казань,2024-05-20 08:00:00,14692,5,2,2024,Monday,Высокий
423,144,Планшет,Аксессуары,2315,3,completed,Казань,2024-05-20 16:00:00,6945,5,2,2024,Monday,Высокий
424,142,Телефон,Аксессуары,4341,1,completed,НСК,2024-05-21 00:00:00,4341,5,2,2024,Tuesday,Средний
425,115,Часы,Электроника,10697,1,completed,СПб,2024-05-21 08:00:00,10697,5,2,2024,Tuesday,Высокий
426,143,Планшет,Электроника,8516,3,completed,Москва,2024-05-21 16:00:00,25548,5,2,2024,Tuesday,VIP
428,98,Часы,Аксессуары,4993,1,completed,Москва,2024-05-22 08:00:00,4993,5,2,2024,Wednesday,Средний
429,66,Планшет,Электроника,1174,2,completed,Казань,2024-05-22 16:00:00,2348,5,2,2024,Wednesday,Средний
430,32,Планшет,Электроника,8588,1,completed,СПб,2024-05-23 00:00:00,8588,5,2,2024,Thursday,Высокий
431,191,Ноутбук,Электроника,9078,2,completed,СПб,2024-05-23 08:00:00,18156,5,2,2024,Thursday,Высокий
432,86,Наушники,Электроника,2658,4,completed,Казань,2024-05-23 16:00:00,10632,5,2,2024,Thursday,Высокий
433,51,Ноутбук,Электроника,3161,2,completed,Москва,2024-05-24 00:00:00,6322,5,2,2024,Friday,Высокий
434,153,Телефон,Аксессуары,2564,2,completed,Москва,2024-05-24 08:00:00,5128,5,2,2024,Friday,Высокий
435,186,Ноутбук,Аксессуары,12543,2,completed,НСК,2024-05-24 16:00:00,25086,5,2,2024,Friday,VIP
436,63,Ноутбук,Аксессуары,3753,2,completed,Екб,2024-05-25 00:00:00,7506,5,2,2024,Saturday,Высокий
439,150,Наушники,Электроника,13328,1,completed,СПб,2024-05-26 00:00:00,13328,5,2,2024,Sunday,Высокий
440,58,Ноутбук,Электроника,12958,2,completed,Екб,2024-05-26 08:00:00,25916,5,2,2024,Sunday,VIP
441,58,Наушники,Электроника,9431,3,completed,НСК,2024-05-26 16:00:00,28293,5,2,2024,Sunday,VIP
442,86,Ноутбук,Аксессуары,1901,4,completed,Екб,2024-05-27 00:00:00,7604,5,2,2024,Monday,Высокий
443,49,Телефон,Аксессуары,3759,2,completed,Москва,2024-05-27 08:00:00,7518,5,2,2024,Monday,Высокий
444,180,Ноутбук,Электроника,10969,3,completed,Москва,2024-05-27 16:00:00,32907,5,2,2024,Monday,VIP
445,170,Часы,Электроника,12596,2,completed,СПб,2024-05-28 00:00:00,25192,5,2,2024,Tuesday,VIP
446,70,Планшет,Аксессуары,4423,2,completed,Казань,2024-05-28 08:00:00,8846,5,2,2024,Tuesday,Высокий
447,15,Телефон,Электроника,4714,2,completed,СПб,2024-05-28 16:00:00,9428,5,2,2024,Tuesday,Высокий
450,101,Телефон,Аксессуары,12450,3,completed,Москва,2024-05-29 16:00:00,37350,5,2,2024,Wednesday,VIP
451,8,Телефон,Электроника,11204,4,completed,Казань,2024-05-30 00:00:00,44816,5,2,2024,Thursday,VIP
454,108,Наушники,Электроника,3245,2,completed,Казань,2024-05-31 00:00:00,6490,5,2,2024,Friday,Высокий
455,5,Телефон,Электроника,6591,4,completed,СПб,2024-05-31 08:00:00,26364,5,2,2024,Friday,VIP
456,103,Наушники,Аксессуары,4366,3,completed,СПб,2024-05-31 16:00:00,13098,5,2,2024,Friday,Высокий
457,196,Ноутбук,Электроника,12456,2,completed,СПб,2024-06-01 00:00:00,24912,6,2,2024,Saturday,VIP
458,6,Планшет,Аксессуары,14493,3,completed,Екб,2024-06-01 08:00:00,43479,6,2,2024,Saturday,VIP
459,109,Телефон,Электроника,6318,3,completed,СПб,2024-06-01 16:00:00,18954,6,2,2024,Saturday,Высокий
460,116,Планшет,Аксессуары,2722,3,completed,НСК,2024-06-02 00:00:00,8166,6,2,2024,Sunday,Высокий
461,94,Наушники,Электроника,3292,2,completed,Москва,2024-06-02 08:00:00,6584,6,2,2024,Sunday,Высокий
463,99,Часы,Электроника,14232,3,completed,СПб,2024-06-03 00:00:00,42696,6,2,2024,Monday,VIP
464,55,Планшет,Электроника,12154,2,completed,Москва,2024-06-03 08:00:00,24308,6,2,2024,Monday,VIP
465,168,Телефон,Аксессуары,4563,3,completed,Казань,2024-06-03 16:00:00,13689,6,2,2024,Monday,Высокий
466,52,Планшет,Аксессуары,14547,2,completed,СПб,2024-06-04 00:00:00,29094,6,2,2024,Tuesday,VIP
468,13,Ноутбук,Электроника,13452,4,completed,НСК,2024-06-04 16:00:00,53808,6,2,2024,Tuesday,VIP
469,114,Планшет,Аксессуары,8724,4,completed,Казань,2024-06-05 00:00:00,34896,6,2,2024,Wednesday,VIP
471,106,Часы,Электроника,4525,1,completed,Москва,2024-06-05 16:00:00,4525,6,2,2024,Wednesday,Средний
473,147,Телефон,Электроника,3303,3,completed,Москва,2024-06-06 08:00:00,9909,6,2,2024,Thursday,Высокий
474,145,Планшет,Аксессуары,12588,1,completed,Москва,2024-06-06 16:00:00,12588,6,2,2024,Thursday,Высокий
475,120,Наушники,Электроника,4209,2,completed,НСК,2024-06-07 00:00:00,8418,6,2,2024,Friday,Высокий
476,63,Планшет,Аксессуары,6655,1,completed,Москва,2024-06-07 08:00:00,6655,6,2,2024,Friday,Высокий
479,58,Ноутбук,Электроника,7016,2,completed,Екб,2024-06-08 08:00:00,14032,6,2,2024,Saturday,Высокий
480,183,Часы,Электроника,5079,4,completed,Москва,2024-06-08 16:00:00,20316,6,2,2024,Saturday,VIP
483,62,Наушники,Электроника,7895,1,completed,Москва,2024-06-09 16:00:00,7895,6,2,2024,Sunday,Высокий
484,23,Телефон,Электроника,4902,1,completed,НСК,2024-06-10 00:00:00,4902,6,2,2024,Monday,Средний
485,127,Ноутбук,Электроника,5052,2,completed,СПб,2024-06-10 08:00:00,10104,6,2,2024,Monday,Высокий
487,140,Телефон,Аксессуары,4926,3,completed,Казань,2024-06-11 00:00:00,14778,6,2,2024,Tuesday,Высокий
488,129,Часы,Аксессуары,7419,1,completed,НСК,2024-06-11 08:00:00,7419,6,2,2024,Tuesday,Высокий
490,122,Планшет,Электроника,11722,1,completed,СПб,2024-06-12 00:00:00,11722,6,2,2024,Wednesday,Высокий
491,1,Телефон,Аксессуары,12267,2,completed,НСК,2024-06-12 08:00:00,24534,6,2,2024,Wednesday,VIP
492,34,Телефон,Электроника,14267,1,completed,СПб,2024-06-12 16:00:00,14267,6,2,2024,Wednesday,Высокий
493,96,Планшет,Электроника,11808,4,completed,НСК,2024-06-13 00:00:00,47232,6,2,2024,Thursday,VIP
494,126,Наушники,Электроника,11977,3,completed,Москва,2024-06-13 08:00:00,35931,6,2,2024,Thursday,VIP
495,118,Наушники,Электроника,13870,1,completed,СПб,2024-06-13 16:00:00,13870,6,2,2024,Thursday,Высокий
496,48,Телефон,Аксессуары,9335,4,completed,СПб,2024-06-14 00:00:00,37340,6,2,2024,Friday,VIP
497,89,Планшет,Аксессуары,13403,1,completed,Екб,2024-06-14 08:00:00,13403,6,2,2024,Friday,Высокий
500,16,Наушники,Электроника,9180,1,completed,СПб,2024-06-15 08:00:00,9180,6,2,2024,Saturday,Высокий
501,189,Ноутбук,Электроника,2704,1,completed,Москва,2024-06-15 16:00:00,2704,6,2,2024,Saturday,Средний
502,192,Наушники,Электроника,11349,3,completed,Москва,2024-06-16 00:00:00,34047,6,2,2024,Sunday,VIP
503,191,Наушники,Электроника,5845,4,completed,Москва,2024-06-16 08:00:00,23380,6,2,2024,Sunday,VIP
504,69,Часы,Электроника,3776,4,completed,НСК,2024-06-16 16:00:00,15104,6,2,2024,Sunday,Высокий
505,22,Ноутбук,Электроника,1602,2,completed,Екб,2024-06-17 00:00:00,3204,6,2,2024,Monday,Средний
506,93,Часы,Электроника,5743,1,completed,СПб,2024-06-17 08:00:00,5743,6,2,2024,Monday,Высокий
507,195,Ноутбук,Аксессуары,7114,3,completed,Казань,2024-06-17 16:00:00,21342,6,2,2024,Monday,VIP
508,76,Телефон,Аксессуары,9933,1,completed,Екб,2024-06-18 00:00:00,9933,6,2,2024,Tuesday,Высокий
509,154,Ноутбук,Аксессуары,9207,1,completed,Казань,2024-06-18 08:00:00,9207,6,2,2024,Tuesday,Высокий
510,144,Часы,Аксессуары,14413,2,completed,Екб,2024-06-18 16:00:00,28826,6,2,2024,Tuesday,VIP
511,179,Наушники,Электроника,5723,1,completed,Москва,2024-06-19 00:00:00,5723,6,2,2024,Wednesday,Высокий
512,86,Ноутбук,Аксессуары,9084,3,completed,НСК,2024-06-19 08:00:00,27252,6,2,2024,Wednesday,VIP
515,69,Наушники,Электроника,10539,1,completed,НСК,2024-06-20 08:00:00,10539,6,2,2024,Thursday,Высокий
516,47,Телефон,Аксессуары,11347,3,completed,Казань,2024-06-20 16:00:00,34041,6,2,2024,Thursday,VIP
517,94,Часы,Электроника,9671,1,completed,СПб,2024-06-21 00:00:00,9671,6,2,2024,Friday,Высокий
518,190,Телефон,Электроника,13221,1,completed,Екб,2024-06-21 08:00:00,13221,6,2,2024,Friday,Высокий
519,197,Наушники,Электроника,12094,1,completed,СПб,2024-06-21 16:00:00,12094,6,2,2024,Friday,Высокий
521,176,Ноутбук,Электроника,7183,1,completed,СПб,2024-06-22 08:00:00,7183,6,2,2024,Saturday,Высокий
523,39,Ноутбук,Электроника,732,1,completed,Екб,2024-06-23 00:00:00,732,6,2,2024,Sunday,Низкий
524,100,Ноутбук,Электроника,10244,3,completed,Москва,2024-06-23 08:00:00,30732,6,2,2024,Sunday,VIP
526,101,Часы,Электроника,13901,3,completed,НСК,2024-06-24 00:00:00,41703,6,2,2024,Monday,VIP
527,23,Часы,Электроника,8159,3,completed,Казань,2024-06-24 08:00:00,24477,6,2,2024,Monday,VIP
528,10,Планшет,Электроника,11962,1,completed,СПб,2024-06-24 16:00:00,11962,6,2,2024,Monday,Высокий
529,69,Телефон,Аксессуары,11101,1,completed,Москва,2024-06-25 00:00:00,11101,6,2,2024,Tuesday,Высокий
531,34,Наушники,Электроника,525,4,completed,Казань,2024-06-25 16:00:00,2100,6,2,2024,Tuesday,Средний
535,186,Планшет,Аксессуары,9152,1,completed,Екб,2024-06-27 00:00:00,9152,6,2,2024,Thursday,Высокий
536,96,Наушники,Электроника,4264,2,completed,Москва,2024-06-27 08:00:00,8528,6,2,2024,Thursday,Высокий
538,69,Ноутбук,Электроника,12123,1,completed,Казань,2024-06-28 00:00:00,12123,6,2,2024,Friday,Высокий
539,4,Часы,Электроника,13879,4,completed,Москва,2024-06-28 08:00:00,55516,6,2,2024,Friday,VIP
540,16,Часы,Аксессуары,5602,4,completed,СПб,2024-06-28 16:00:00,22408,6,2,2024,Friday,VIP
541,24,Планшет,Электроника,7506,1,completed,Казань,2024-06-29 00:00:00,7506,6,2,2024,Saturday,Высокий
542,80,Часы,Электроника,3983,1,completed,Екб,2024-06-29 08:00:00,3983,6,2,2024,Saturday,Средний
543,2,Наушники,Аксессуары,2494,1,completed,Екб,2024-06-29 16:00:00,2494,6,2,2024,Saturday,Средний
544,128,Наушники,Аксессуары,9182,2,completed,НСК,2024-06-30 00:00:00,18364,6,2,2024,Sunday,Высокий
546,84,Наушники,Аксессуары,7207,1,completed,НСК,2024-06-30 16:00:00,7207,6,2,2024,Sunday,Высокий
548,140,Планшет,Аксессуары,715,4,completed,Москва,2024-07-01 08:00:00,2860,7,3,2024,Monday,Средний
550,163,Ноутбук,Аксессуары,10415,2,completed,СПб,2024-07-02 00:00:00,20830,7,3,2024,Tuesday,VIP
552,33,Ноутбук,Электроника,3106,3,completed,НСК,2024-07-02 16:00:00,9318,7,3,2024,Tuesday,Высокий
554,189,Телефон,Электроника,5281,1,completed,Екб,2024-07-03 08:00:00,5281,7,3,2024,Wednesday,Высокий
557,101,Наушники,Электроника,10468,2,completed,СПб,2024-07-04 08:00:00,20936,7,3,2024,Thursday,VIP
558,12,Ноутбук,Электроника,10744,1,completed,СПб,2024-07-04 16:00:00,10744,7,3,2024,Thursday,Высокий
560,65,Планшет,Электроника,6439,3,completed,СПб,2024-07-05 08:00:00,19317,7,3,2024,Friday,Высокий
562,168,Телефон,Электроника,6185,3,completed,НСК,2024-07-06 00:00:00,18555,7,3,2024,Saturday,Высокий
563,74,Ноутбук,Электроника,2196,1,completed,Екб,2024-07-06 08:00:00,2196,7,3,2024,Saturday,Средний
565,44,Планшет,Электроника,11161,2,completed,Екб,2024-07-07 00:00:00,22322,7,3,2024,Sunday,VIP
567,141,Планшет,Электроника,12501,4,completed,НСК,2024-07-07 16:00:00,50004,7,3,2024,Sunday,VIP
568,12,Телефон,Электроника,14850,2,completed,СПб,2024-07-08 00:00:00,29700,7,3,2024,Monday,VIP
569,95,Телефон,Электроника,3283,3,completed,Казань,2024-07-08 08:00:00,9849,7,3,2024,Monday,Высокий
570,46,Ноутбук,Электроника,4144,4,completed,СПб,2024-07-08 16:00:00,16576,7,3,2024,Monday,Высокий
571,130,Планшет,Аксессуары,5741,4,completed,Екб,2024-07-09 00:00:00,22964,7,3,2024,Tuesday,VIP
572,35,Планшет,Электроника,6920,2,completed,Москва,2024-07-09 08:00:00,13840,7,3,2024,Tuesday,Высокий
573,81,Наушники,Аксессуары,14369,4,completed,Екб,2024-07-09 16:00:00,57476,7,3,2024,Tuesday,VIP
574,90,Наушники,Аксессуары,11192,4,completed,СПб,2024-07-10 00:00:00,44768,7,3,2024,Wednesday,VIP
576,93,Ноутбук,Аксессуары,12337,2,completed,Москва,2024-07-10 16:00:00,24674,7,3,2024,Wednesday,VIP
577,154,Часы,Электроника,3145,4,completed,НСК,2024-07-11 00:00:00,12580,7,3,2024,Thursday,Высокий
578,90,Наушники,Электроника,7089,3,completed,СПб,2024-07-11 08:00:00,21267,7,3,2024,Thursday,VIP
579,162,Телефон,Электроника,6853,1,completed,Екб,2024-07-11 16:00:00,6853,7,3,2024,Thursday,Высокий
581,105,Ноутбук,Аксессуары,2432,4,completed,НСК,2024-07-12 08:00:00,9728,7,3,2024,Friday,Высокий
582,135,Планшет,Электроника,11986,3,completed,Екб,2024-07-12 16:00:00,35958,7,3,2024,Friday,VIP
583,196,Планшет,Аксессуары,2257,4,completed,Екб,2024-07-13 00:00:00,9028,7,3,2024,Saturday,Высокий
584,58,Часы,Электроника,14838,4,completed,СПб,2024-07-13 08:00:00,59352,7,3,2024,Saturday,VIP
586,75,Ноутбук,Электроника,6137,1,completed,Москва,2024-07-14 00:00:00,6137,7,3,2024,Sunday,Высокий
588,120,Ноутбук,Аксессуары,11259,2,completed,Москва,2024-07-14 16:00:00,22518,7,3,2024,Sunday,VIP
589,164,Телефон,Электроника,12191,2,completed,Екб,2024-07-15 00:00:00,24382,7,3,2024,Monday,VIP
591,164,Телефон,Электроника,11998,1,completed,Екб,2024-07-15 16:00:00,11998,7,3,2024,Monday,Высокий
592,138,Ноутбук,Электроника,9311,2,completed,Екб,2024-07-16 00:00:00,18622,7,3,2024,Tuesday,Высокий
593,101,Ноутбук,Электроника,11924,3,completed,Казань,2024-07-16 08:00:00,35772,7,3,2024,Tuesday,VIP
594,152,Наушники,Аксессуары,8388,4,completed,Казань,2024-07-16 16:00:00,33552,7,3,2024,Tuesday,VIP
595,192,Планшет,Электроника,12515,4,completed,Екб,2024-07-17 00:00:00,50060,7,3,2024,Wednesday,VIP
596,177,Планшет,Электроника,6974,1,completed,СПб,2024-07-17 08:00:00,6974,7,3,2024,Wednesday,Высокий
597,99,Телефон,Электроника,11072,3,completed,Екб,2024-07-17 16:00:00,33216,7,3,2024,Wednesday,VIP
598,36,Часы,Аксессуары,14885,2,completed,Казань,2024-07-18 00:00:00,29770,7,3,2024,Thursday,VIP
599,96,Планшет,Аксессуары,10238,1,completed,СПб,2024-07-18 08:00:00,10238,7,3,2024,Thursday,Высокий
600,152,Наушники,Электроника,5458,3,completed,Екб,2024-07-18 16:00:00,16374,7,3,2024,Thursday,Высокий
601,151,Телефон,Аксессуары,14479,3,completed,НСК,2024-07-19 00:00:00,43437,7,3,2024,Friday,VIP
602,190,Телефон,Электроника,12255,3,completed,НСК,2024-07-19 08:00:00,36765,7,3,2024,Friday,VIP
604,12,Часы,Электроника,12444,2,completed,СПб,2024-07-20 00:00:00,24888,7,3,2024,Saturday,VIP
606,183,Часы,Электроника,10582,4,completed,Екб,2024-07-20 16:00:00,42328,7,3,2024,Saturday,VIP
607,13,Наушники,Аксессуары,9967,3,completed,Казань,2024-07-21 00:00:00,29901,7,3,2024,Sunday,VIP
608,23,Наушники,Аксессуары,3243,3,completed,НСК,2024-07-21 08:00:00,9729,7,3,2024,Sunday,Высокий
609,99,Ноутбук,Аксессуары,14643,2,completed,Казань,2024-07-21 16:00:00,29286,7,3,2024,Sunday,VIP
610,105,Телефон,Электроника,8366,4,completed,Казань,2024-07-22 00:00:00,33464,7,3,2024,Monday,VIP
611,30,Наушники,Электроника,11185,3,completed,Екб,2024-07-22 08:00:00,33555,7,3,2024,Monday,VIP
612,17,Наушники,Аксессуары,7660,4,completed,Казань,2024-07-22 16:00:00,30640,7,3,2024,Monday,VIP
614,62,Телефон,Электроника,5758,3,completed,Казань,2024-07-23 08:00:00,17274,7,3,2024,Tuesday,Высокий
615,84,Планшет,Электроника,9048,2,completed,НСК,2024-07-23 16:00:00,18096,7,3,2024,Tuesday,Высокий
617,86,Планшет,Электроника,7686,3,completed,НСК,2024-07-24 08:00:00,23058,7,3,2024,Wednesday,VIP
618,141,Наушники,Электроника,6602,4,completed,Казань,2024-07-24 16:00:00,26408,7,3,2024,Wednesday,VIP
619,187,Наушники,Аксессуары,9561,3,completed,Казань,2024-07-25 00:00:00,28683,7,3,2024,Thursday,VIP
622,100,Часы,Электроника,14989,2,completed,НСК,2024-07-26 00:00:00,29978,7,3,2024,Friday,VIP
623,140,Ноутбук,Электроника,14201,2,completed,НСК,2024-07-26 08:00:00,28402,7,3,2024,Friday,VIP
625,147,Планшет,Электроника,1119,1,completed,Казань,2024-07-27 00:00:00,1119,7,3,2024,Saturday,Средний
626,76,Ноутбук,Электроника,1382,1,completed,НСК,2024-07-27 08:00:00,1382,7,3,2024,Saturday,Средний
627,9,Наушники,Аксессуары,9488,4,completed,Москва,2024-07-27 16:00:00,37952,7,3,2024,Saturday,VIP
628,199,Планшет,Аксессуары,4142,3,completed,СПб,2024-07-28 00:00:00,12426,7,3,2024,Sunday,Высокий
629,28,Наушники,Аксессуары,14960,4,completed,НСК,2024-07-28 08:00:00,59840,7,3,2024,Sunday,VIP
630,128,Ноутбук,Электроника,12117,2,completed,НСК,2024-07-28 16:00:00,24234,7,3,2024,Sunday,VIP
631,52,Наушники,Электроника,1796,1,completed,Москва,2024-07-29 00:00:00,1796,7,3,2024,Monday,Средний
632,83,Телефон,Аксессуары,13406,4,completed,Казань,2024-07-29 08:00:00,53624,7,3,2024,Monday,VIP
634,144,Планшет,Электроника,8936,4,completed,НСК,2024-07-30 00:00:00,35744,7,3,2024,Tuesday,VIP
635,117,Часы,Электроника,3395,1,completed,Казань,2024-07-30 08:00:00,3395,7,3,2024,Tuesday,Средний
636,69,Наушники,Электроника,7093,4,completed,СПб,2024-07-30 16:00:00,28372,7,3,2024,Tuesday,VIP
637,99,Планшет,Аксессуары,1429,4,completed,Екб,2024-07-31 00:00:00,5716,7,3,2024,Wednesday,Высокий
638,140,Наушники,Электроника,5866,1,completed,Екб,2024-07-31 08:00:00,5866,7,3,2024,Wednesday,Высокий
639,25,Телефон,Электроника,9211,2,completed,СПб,2024-07-31 16:00:00,18422,7,3,2024,Wednesday,Высокий
642,53,Телефон,Аксессуары,8699,4,completed,СПб,2024-08-01 16:00:00,34796,8,3,2024,Thursday,VIP
643,151,Телефон,Электроника,11217,1,completed,Москва,2024-08-02 00:00:00,11217,8,3,2024,Friday,Высокий
644,144,Планшет,Аксессуары,3923,2,completed,Москва,2024-08-02 08:00:00,7846,8,3,2024,Friday,Высокий
647,109,Часы,Электроника,14417,2,completed,Москва,2024-08-03 08:00:00,28834,8,3,2024,Saturday,VIP
648,181,Телефон,Электроника,7476,4,completed,Екб,2024-08-03 16:00:00,29904,8,3,2024,Saturday,VIP
650,186,Наушники,Электроника,5658,3,completed,СПб,2024-08-04 08:00:00,16974,8,3,2024,Sunday,Высокий
651,167,Часы,Аксессуары,12974,1,completed,НСК,2024-08-04 16:00:00,12974,8,3,2024,Sunday,Высокий
652,142,Телефон,Аксессуары,4167,3,completed,СПб,2024-08-05 00:00:00,12501,8,3,2024,Monday,Высокий
653,122,Наушники,Электроника,12363,4,completed,СПб,2024-08-05 08:00:00,49452,8,3,2024,Monday,VIP
656,75,Ноутбук,Электроника,6736,3,completed,Екб,2024-08-06 08:00:00,20208,8,3,2024,Tuesday,VIP
657,146,Ноутбук,Аксессуары,8777,3,completed,СПб,2024-08-06 16:00:00,26331,8,3,2024,Tuesday,VIP
658,76,Телефон,Аксессуары,11807,4,completed,НСК,2024-08-07 00:00:00,47228,8,3,2024,Wednesday,VIP
659,9,Часы,Электроника,12924,1,completed,Казань,2024-08-07 08:00:00,12924,8,3,2024,Wednesday,Высокий
660,74,Наушники,Аксессуары,2968,3,completed,СПб,2024-08-07 16:00:00,8904,8,3,2024,Wednesday,Высокий
661,186,Планшет,Аксессуары,6717,4,completed,Екб,2024-08-08 00:00:00,26868,8,3,2024,Thursday,VIP
662,145,Планшет,Электроника,4119,2,completed,Москва,2024-08-08 08:00:00,8238,8,3,2024,Thursday,Высокий
663,7,Телефон,Аксессуары,2136,1,completed,СПб,2024-08-08 16:00:00,2136,8,3,2024,Thursday,Средний
664,174,Ноутбук,Электроника,8655,2,completed,СПб,2024-08-09 00:00:00,17310,8,3,2024,Friday,Высокий
665,141,Телефон,Электроника,4083,1,completed,НСК,2024-08-09 08:00:00,4083,8,3,2024,Friday,Средний
666,168,Часы,Электроника,4509,4,completed,Казань,2024-08-09 16:00:00,18036,8,3,2024,Friday,Высокий
667,170,Часы,Аксессуары,3826,3,completed,Казань,2024-08-10 00:00:00,11478,8,3,2024,Saturday,Высокий
669,178,Наушники,Электроника,8648,3,completed,Екб,2024-08-10 16:00:00,25944,8,3,2024,Saturday,VIP
670,27,Часы,Электроника,14539,1,completed,Москва,2024-08-11 00:00:00,14539,8,3,2024,Sunday,Высокий
673,5,Телефон,Аксессуары,5467,4,completed,Казань,2024-08-12 00:00:00,21868,8,3,2024,Monday,VIP
675,165,Планшет,Электроника,4138,1,completed,НСК,2024-08-12 16:00:00,4138,8,3,2024,Monday,Средний
676,166,Ноутбук,Аксессуары,11195,1,completed,Екб,2024-08-13 00:00:00,11195,8,3,2024,Tuesday,Высокий
677,83,Часы,Электроника,9635,2,completed,СПб,2024-08-13 08:00:00,19270,8,3,2024,Tuesday,Высокий
678,136,Ноутбук,Аксессуары,6222,2,completed,НСК,2024-08-13 16:00:00,12444,8,3,2024,Tuesday,Высокий
679,109,Телефон,Аксессуары,11529,2,completed,Екб,2024-08-14 00:00:00,23058,8,3,2024,Wednesday,VIP
680,65,Ноутбук,Аксессуары,11352,4,completed,Екб,2024-08-14 08:00:00,45408,8,3,2024,Wednesday,VIP
681,86,Телефон,Электроника,11628,2,completed,НСК,2024-08-14 16:00:00,23256,8,3,2024,Wednesday,VIP
682,145,Планшет,Аксессуары,4944,1,completed,СПб,2024-08-15 00:00:00,4944,8,3,2024,Thursday,Средний
683,71,Телефон,Электроника,8118,1,completed,Екб,2024-08-15 08:00:00,8118,8,3,2024,Thursday,Высокий
684,45,Телефон,Электроника,4447,3,completed,НСК,2024-08-15 16:00:00,13341,8,3,2024,Thursday,Высокий
685,132,Наушники,Электроника,2176,2,completed,СПб,2024-08-16 00:00:00,4352,8,3,2024,Friday,Средний
689,19,Планшет,Аксессуары,7932,3,completed,СПб,2024-08-17 08:00:00,23796,8,3,2024,Saturday,VIP
691,108,Наушники,Аксессуары,8427,4,completed,Москва,2024-08-18 00:00:00,33708,8,3,2024,Sunday,VIP
692,182,Часы,Электроника,3818,1,completed,Москва,2024-08-18 08:00:00,3818,8,3,2024,Sunday,Средний
693,167,Наушники,Аксессуары,9358,3,completed,СПб,2024-08-18 16:00:00,28074,8,3,2024,Sunday,VIP
694,91,Планшет,Аксессуары,7189,2,completed,НСК,2024-08-19 00:00:00,14378,8,3,2024,Monday,Высокий
695,90,Ноутбук,Электроника,14310,2,completed,Екб,2024-08-19 08:00:00,28620,8,3,2024,Monday,VIP
696,19,Планшет,Аксессуары,2676,2,completed,Екб,2024-08-19 16:00:00,5352,8,3,2024,Monday,Высокий
698,126,Телефон,Электроника,9292,2,completed,СПб,2024-08-20 08:00:00,18584,8,3,2024,Tuesday,Высокий
699,195,Телефон,Аксессуары,11344,4,completed,Москва,2024-08-20 16:00:00,45376,8,3,2024,Tuesday,VIP
701,141,Телефон,Электроника,4324,3,completed,СПб,2024-08-21 08:00:00,12972,8,3,2024,Wednesday,Высокий
702,126,Наушники,Электроника,12598,4,completed,Казань,2024-08-21 16:00:00,50392,8,3,2024,Wednesday,VIP
703,58,Часы,Аксессуары,9671,1,completed,СПб,2024-08-22 00:00:00,9671,8,3,2024,Thursday,Высокий
704,148,Ноутбук,Электроника,2951,2,completed,НСК,2024-08-22 08:00:00,5902,8,3,2024,Thursday,Высокий
705,200,Планшет,Электроника,1128,2,completed,НСК,2024-08-22 16:00:00,2256,8,3,2024,Thursday,Средний
706,61,Наушники,Аксессуары,10321,2,completed,Москва,2024-08-23 00:00:00,20642,8,3,2024,Friday,VIP
707,127,Ноутбук,Аксессуары,8278,4,completed,Москва,2024-08-23 08:00:00,33112,8,3,2024,Friday,VIP
708,105,Наушники,Электроника,4196,3,completed,Казань,2024-08-23 16:00:00,12588,8,3,2024,Friday,Высокий
709,167,Наушники,Электроника,12122,2,completed,СПб,2024-08-24 00:00:00,24244,8,3,2024,Saturday,VIP
710,1,Планшет,Электроника,4174,3,completed,Екб,2024-08-24 08:00:00,12522,8,3,2024,Saturday,Высокий
711,131,Часы,Электроника,4429,2,completed,Москва,2024-08-24 16:00:00,8858,8,3,2024,Saturday,Высокий
713,190,Часы,Аксессуары,4869,4,completed,Екб,2024-08-25 08:00:00,19476,8,3,2024,Sunday,Высокий
714,191,Планшет,Аксессуары,13472,1,completed,СПб,2024-08-25 16:00:00,13472,8,3,2024,Sunday,Высокий
715,113,Планшет,Аксессуары,8807,4,completed,Казань,2024-08-26 00:00:00,35228,8,3,2024,Monday,VIP
716,153,Планшет,Электроника,5456,2,completed,СПб,2024-08-26 08:00:00,10912,8,3,2024,Monday,Высокий
717,56,Ноутбук,Аксессуары,10695,2,completed,Москва,2024-08-26 16:00:00,21390,8,3,2024,Monday,VIP
718,161,Часы,Электроника,1192,1,completed,Екб,2024-08-27 00:00:00,1192,8,3,2024,Tuesday,Средний
721,134,Наушники,Электроника,3508,2,completed,СПб,2024-08-28 00:00:00,7016,8,3,2024,Wednesday,Высокий
723,44,Планшет,Электроника,14580,2,completed,Казань,2024-08-28 16:00:00,29160,8,3,2024,Wednesday,VIP
724,173,Часы,Аксессуары,8845,1,completed,СПб,2024-08-29 00:00:00,8845,8,3,2024,Thursday,Высокий
725,160,Планшет,Электроника,14688,1,completed,Москва,2024-08-29 08:00:00,14688,8,3,2024,Thursday,Высокий
726,173,Ноутбук,Электроника,14215,2,completed,Екб,2024-08-29 16:00:00,28430,8,3,2024,Thursday,VIP
728,47,Планшет,Электроника,14077,4,completed,Москва,2024-08-30 08:00:00,56308,8,3,2024,Friday,VIP
729,149,Планшет,Аксессуары,13102,4,completed,НСК,2024-08-30 16:00:00,52408,8,3,2024,Friday,VIP
731,118,Телефон,Аксессуары,9756,2,completed,СПб,2024-08-31 08:00:00,19512,8,3,2024,Saturday,Высокий
732,164,Часы,Аксессуары,4700,2,completed,Москва,2024-08-31 16:00:00,9400,8,3,2024,Saturday,Высокий
733,147,Телефон,Электроника,14712,1,completed,НСК,2024-09-01 00:00:00,14712,9,3,2024,Sunday,Высокий
736,146,Ноутбук,Электроника,6020,3,completed,Казань,2024-09-02 00:00:00,18060,9,3,2024,Monday,Высокий
737,47,Ноутбук,Электроника,11093,2,completed,Казань,2024-09-02 08:00:00,22186,9,3,2024,Monday,VIP
738,49,Часы,Аксессуары,2272,2,completed,СПб,2024-09-02 16:00:00,4544,9,3,2024,Monday,Средний
740,143,Часы,Аксессуары,3280,1,completed,СПб,2024-09-03 08:00:00,3280,9,3,2024,Tuesday,Средний
741,159,Планшет,Аксессуары,14391,3,completed,НСК,2024-09-03 16:00:00,43173,9,3,2024,Tuesday,VIP
743,117,Ноутбук,Аксессуары,7923,4,completed,НСК,2024-09-04 08:00:00,31692,9,3,2024,Wednesday,VIP
744,54,Ноутбук,Электроника,13438,4,completed,СПб,2024-09-04 16:00:00,53752,9,3,2024,Wednesday,VIP
745,118,Наушники,Аксессуары,3371,3,completed,Екб,2024-09-05 00:00:00,10113,9,3,2024,Thursday,Высокий
747,144,Планшет,Электроника,1160,2,completed,Казань,2024-09-05 16:00:00,2320,9,3,2024,Thursday,Средний
748,185,Телефон,Электроника,6742,4,completed,СПб,2024-09-06 00:00:00,26968,9,3,2024,Friday,VIP
749,12,Часы,Электроника,11327,4,completed,СПб,2024-09-06 08:00:00,45308,9,3,2024,Friday,VIP
750,74,Планшет,Электроника,11021,2,completed,СПб,2024-09-06 16:00:00,22042,9,3,2024,Friday,VIP
751,16,Наушники,Аксессуары,12646,1,completed,Екб,2024-09-07 00:00:00,12646,9,3,2024,Saturday,Высокий
752,200,Часы,Электроника,11142,4,completed,Москва,2024-09-07 08:00:00,44568,9,3,2024,Saturday,VIP
754,152,Часы,Аксессуары,1199,1,completed,Москва,2024-09-08 00:00:00,1199,9,3,2024,Sunday,Средний
755,156,Телефон,Электроника,7970,4,completed,Екб,2024-09-08 08:00:00,31880,9,3,2024,Sunday,VIP
756,117,Планшет,Электроника,10730,4,completed,СПб,2024-09-08 16:00:00,42920,9,3,2024,Sunday,VIP
757,8,Часы,Электроника,6797,1,completed,Казань,2024-09-09 00:00:00,6797,9,3,2024,Monday,Высокий
759,92,Ноутбук,Аксессуары,8312,3,completed,НСК,2024-09-09 16:00:00,24936,9,3,2024,Monday,VIP
760,164,Часы,Электроника,13192,2,completed,Казань,2024-09-10 00:00:00,26384,9,3,2024,Tuesday,VIP
761,90,Часы,Аксессуары,5057,2,completed,СПб,2024-09-10 08:00:00,10114,9,3,2024,Tuesday,Высокий
762,136,Часы,Электроника,2679,1,completed,Казань,2024-09-10 16:00:00,2679,9,3,2024,Tuesday,Средний
763,186,Ноутбук,Аксессуары,11530,1,completed,Москва,2024-09-11 00:00:00,11530,9,3,2024,Wednesday,Высокий
764,60,Ноутбук,Аксессуары,9565,4,completed,Екб,2024-09-11 08:00:00,38260,9,3,2024,Wednesday,VIP
767,101,Наушники,Аксессуары,11367,1,completed,Москва,2024-09-12 08:00:00,11367,9,3,2024,Thursday,Высокий
769,192,Планшет,Электроника,4816,4,completed,Москва,2024-09-13 00:00:00,19264,9,3,2024,Friday,Высокий
770,155,Наушники,Аксессуары,12667,2,completed,НСК,2024-09-13 08:00:00,25334,9,3,2024,Friday,VIP
771,191,Ноутбук,Электроника,7196,2,completed,СПб,2024-09-13 16:00:00,14392,9,3,2024,Friday,Высокий
772,145,Наушники,Аксессуары,10083,4,completed,НСК,2024-09-14 00:00:00,40332,9,3,2024,Saturday,VIP
773,161,Телефон,Электроника,11910,2,completed,Казань,2024-09-14 08:00:00,23820,9,3,2024,Saturday,VIP
774,157,Телефон,Аксессуары,12899,1,completed,НСК,2024-09-14 16:00:00,12899,9,3,2024,Saturday,Высокий
775,141,Планшет,Электроника,1114,4,completed,Казань,2024-09-15 00:00:00,4456,9,3,2024,Sunday,Средний
776,46,Наушники,Электроника,14369,2,completed,СПб,2024-09-15 08:00:00,28738,9,3,2024,Sunday,VIP
777,35,Ноутбук,Электроника,11663,3,completed,Казань,2024-09-15 16:00:00,34989,9,3,2024,Sunday,VIP
779,82,Часы,Электроника,12268,4,completed,СПб,2024-09-16 08:00:00,49072,9,3,2024,Monday,VIP
780,115,Ноутбук,Электроника,5070,3,completed,Екб,2024-09-16 16:00:00,15210,9,3,2024,Monday,Высокий
781,197,Планшет,Электроника,14701,1,completed,СПб,2024-09-17 00:00:00,14701,9,3,2024,Tuesday,Высокий
782,47,Планшет,Электроника,770,3,completed,Казань,2024-09-17 08:00:00,2310,9,3,2024,Tuesday,Средний
784,194,Ноутбук,Аксессуары,2968,1,completed,Екб,2024-09-18 00:00:00,2968,9,3,2024,Wednesday,Средний
785,10,Часы,Электроника,14708,2,completed,СПб,2024-09-18 08:00:00,29416,9,3,2024,Wednesday,VIP
787,30,Часы,Аксессуары,12046,2,completed,НСК,2024-09-19 00:00:00,24092,9,3,2024,Thursday,VIP
788,109,Часы,Аксессуары,12827,4,completed,Екб,2024-09-19 08:00:00,51308,9,3,2024,Thursday,VIP
789,5,Ноутбук,Электроника,14770,3,completed,СПб,2024-09-19 16:00:00,44310,9,3,2024,Thursday,VIP
791,33,Телефон,Электроника,14800,2,completed,СПб,2024-09-20 08:00:00,29600,9,3,2024,Friday,VIP
792,118,Часы,Электроника,4107,1,completed,СПб,2024-09-20 16:00:00,4107,9,3,2024,Friday,Средний
793,65,Ноутбук,Электроника,11275,4,completed,Екб,2024-09-21 00:00:00,45100,9,3,2024,Saturday,VIP
794,146,Телефон,Аксессуары,12765,2,completed,Екб,2024-09-21 08:00:00,25530,9,3,2024,Saturday,VIP
795,177,Ноутбук,Электроника,3575,4,completed,Москва,2024-09-21 16:00:00,14300,9,3,2024,Saturday,Высокий
796,11,Ноутбук,Электроника,12598,3,completed,НСК,2024-09-22 00:00:00,37794,9,3,2024,Sunday,VIP
797,85,Ноутбук,Аксессуары,789,4,completed,НСК,2024-09-22 08:00:00,3156,9,3,2024,Sunday,Средний
800,86,Наушники,Электроника,7114,1,completed,СПб,2024-09-23 08:00:00,7114,9,3,2024,Monday,Высокий
802,27,Телефон,Электроника,7915,3,completed,НСК,2024-09-24 00:00:00,23745,9,3,2024,Tuesday,VIP
803,177,Телефон,Электроника,7271,4,completed,Москва,2024-09-24 08:00:00,29084,9,3,2024,Tuesday,VIP
804,161,Телефон,Электроника,778,1,completed,НСК,2024-09-24 16:00:00,778,9,3,2024,Tuesday,Низкий
807,99,Телефон,Аксессуары,5458,1,completed,Екб,2024-09-25 16:00:00,5458,9,3,2024,Wednesday,Высокий
809,149,Часы,Электроника,4776,3,completed,Екб,2024-09-26 08:00:00,14328,9,3,2024,Thursday,Высокий
812,197,Наушники,Электроника,1324,4,completed,Екб,2024-09-27 08:00:00,5296,9,3,2024,Friday,Высокий
814,133,Планшет,Аксессуары,9391,1,completed,Екб,2024-09-28 00:00:00,9391,9,3,2024,Saturday,Высокий
815,102,Ноутбук,Аксессуары,5945,1,completed,СПб,2024-09-28 08:00:00,5945,9,3,2024,Saturday,Высокий
816,3,Ноутбук,Аксессуары,1880,3,completed,НСК,2024-09-28 16:00:00,5640,9,3,2024,Saturday,Высокий
817,181,Ноутбук,Электроника,12588,4,completed,НСК,2024-09-29 00:00:00,50352,9,3,2024,Sunday,VIP
819,53,Часы,Аксессуары,11419,3,completed,НСК,2024-09-29 16:00:00,34257,9,3,2024,Sunday,VIP
820,165,Телефон,Электроника,7034,1,completed,НСК,2024-09-30 00:00:00,7034,9,3,2024,Monday,Высокий
823,85,Планшет,Электроника,3656,3,completed,Казань,2024-10-01 00:00:00,10968,10,4,2024,Tuesday,Высокий
825,110,Часы,Электроника,4807,3,completed,Казань,2024-10-01 16:00:00,14421,10,4,2024,Tuesday,Высокий
827,51,Телефон,Аксессуары,9075,4,completed,Екб,2024-10-02 08:00:00,36300,10,4,2024,Wednesday,VIP
828,173,Телефон,Аксессуары,6310,1,completed,НСК,2024-10-02 16:00:00,6310,10,4,2024,Wednesday,Высокий
829,4,Планшет,Аксессуары,9033,3,completed,СПб,2024-10-03 00:00:00,27099,10,4,2024,Thursday,VIP
830,190,Ноутбук,Аксессуары,6434,2,completed,Москва,2024-10-03 08:00:00,12868,10,4,2024,Thursday,Высокий
831,193,Часы,Электроника,10679,2,completed,Екб,2024-10-03 16:00:00,21358,10,4,2024,Thursday,VIP
832,113,Телефон,Аксессуары,12751,3,completed,Екб,2024-10-04 00:00:00,38253,10,4,2024,Friday,VIP
833,32,Планшет,Электроника,13631,2,completed,СПб,2024-10-04 08:00:00,27262,10,4,2024,Friday,VIP
835,92,Часы,Электроника,4582,2,completed,Москва,2024-10-05 00:00:00,9164,10,4,2024,Saturday,Высокий
836,95,Часы,Электроника,14322,1,completed,Екб,2024-10-05 08:00:00,14322,10,4,2024,Saturday,Высокий
837,72,Наушники,Электроника,13207,4,completed,Москва,2024-10-05 16:00:00,52828,10,4,2024,Saturday,VIP
838,39,Ноутбук,Электроника,11490,4,completed,Екб,2024-10-06 00:00:00,45960,10,4,2024,Sunday,VIP
841,182,Телефон,Электроника,6528,3,completed,Екб,2024-10-07 00:00:00,19584,10,4,2024,Monday,Высокий
842,118,Планшет,Электроника,12106,4,completed,Казань,2024-10-07 08:00:00,48424,10,4,2024,Monday,VIP
844,123,Наушники,Аксессуары,8997,2,completed,СПб,2024-10-08 00:00:00,17994,10,4,2024,Tuesday,Высокий
846,12,Наушники,Электроника,3249,3,completed,НСК,2024-10-08 16:00:00,9747,10,4,2024,Tuesday,Высокий
848,54,Часы,Электроника,7180,1,completed,НСК,2024-10-09 08:00:00,7180,10,4,2024,Wednesday,Высокий
849,133,Телефон,Электроника,9827,1,completed,СПб,2024-10-09 16:00:00,9827,10,4,2024,Wednesday,Высокий
851,145,Планшет,Электроника,705,2,completed,СПб,2024-10-10 08:00:00,1410,10,4,2024,Thursday,Средний
852,112,Наушники,Электроника,7852,3,completed,Екб,2024-10-10 16:00:00,23556,10,4,2024,Thursday,VIP
853,47,Ноутбук,Электроника,5091,1,completed,НСК,2024-10-11 00:00:00,5091,10,4,2024,Friday,Высокий
854,151,Планшет,Аксессуары,3950,4,completed,Москва,2024-10-11 08:00:00,15800,10,4,2024,Friday,Высокий
855,85,Планшет,Электроника,7714,1,completed,Москва,2024-10-11 16:00:00,7714,10,4,2024,Friday,Высокий
856,142,Часы,Электроника,14697,1,completed,НСК,2024-10-12 00:00:00,14697,10,4,2024,Saturday,Высокий
857,66,Телефон,Электроника,4311,3,completed,Казань,2024-10-12 08:00:00,12933,10,4,2024,Saturday,Высокий
858,75,Планшет,Аксессуары,12314,3,completed,СПб,2024-10-12 16:00:00,36942,10,4,2024,Saturday,VIP
860,103,Наушники,Электроника,11243,2,completed,Москва,2024-10-13 08:00:00,22486,10,4,2024,Sunday,VIP
861,166,Наушники,Аксессуары,5641,2,completed,НСК,2024-10-13 16:00:00,11282,10,4,2024,Sunday,Высокий
862,192,Ноутбук,Электроника,13000,1,completed,НСК,2024-10-14 00:00:00,13000,10,4,2024,Monday,Высокий
863,38,Часы,Электроника,9001,3,completed,Казань,2024-10-14 08:00:00,27003,10,4,2024,Monday,VIP
864,50,Ноутбук,Электроника,3208,1,completed,Казань,2024-10-14 16:00:00,3208,10,4,2024,Monday,Средний
865,98,Наушники,Аксессуары,2491,4,completed,СПб,2024-10-15 00:00:00,9964,10,4,2024,Tuesday,Высокий
866,82,Телефон,Электроника,8963,4,completed,Екб,2024-10-15 08:00:00,35852,10,4,2024,Tuesday,VIP
867,30,Наушники,Аксессуары,12334,3,completed,Екб,2024-10-15 16:00:00,37002,10,4,2024,Tuesday,VIP
868,79,Часы,Аксессуары,12778,3,completed,СПб,2024-10-16 00:00:00,38334,10,4,2024,Wednesday,VIP
869,91,Наушники,Электроника,10514,4,completed,Екб,2024-10-16 08:00:00,42056,10,4,2024,Wednesday,VIP
870,179,Часы,Электроника,3773,3,completed,Москва,2024-10-16 16:00:00,11319,10,4,2024,Wednesday,Высокий
871,191,Часы,Электроника,14867,2,completed,Екб,2024-10-17 00:00:00,29734,10,4,2024,Thursday,VIP
872,52,Часы,Электроника,5038,2,completed,СПб,2024-10-17 08:00:00,10076,10,4,2024,Thursday,Высокий
873,166,Часы,Электроника,14997,3,completed,Екб,2024-10-17 16:00:00,44991,10,4,2024,Thursday,VIP
875,30,Телефон,Аксессуары,9212,1,completed,Казань,2024-10-18 08:00:00,9212,10,4,2024,Friday,Высокий
876,106,Ноутбук,Аксессуары,9668,3,completed,Москва,2024-10-18 16:00:00,29004,10,4,2024,Friday,VIP
877,51,Планшет,Электроника,4222,3,completed,НСК,2024-10-19 00:00:00,12666,10,4,2024,Saturday,Высокий
878,81,Ноутбук,Аксессуары,4051,1,completed,НСК,2024-10-19 08:00:00,4051,10,4,2024,Saturday,Средний
879,133,Часы,Аксессуары,12797,3,completed,СПб,2024-10-19 16:00:00,38391,10,4,2024,Saturday,VIP
880,29,Телефон,Аксессуары,11465,1,completed,Казань,2024-10-20 00:00:00,11465,10,4,2024,Sunday,Высокий
882,138,Телефон,Аксессуары,3332,2,completed,Москва,2024-10-20 16:00:00,6664,10,4,2024,Sunday,Высокий
884,145,Телефон,Электроника,6179,2,completed,Москва,2024-10-21 08:00:00,12358,10,4,2024,Monday,Высокий
885,74,Телефон,Электроника,7079,1,completed,Екб,2024-10-21 16:00:00,7079,10,4,2024,Monday,Высокий
886,17,Часы,Аксессуары,13922,2,completed,НСК,2024-10-22 00:00:00,27844,10,4,2024,Tuesday,VIP
887,84,Телефон,Аксессуары,652,4,completed,Москва,2024-10-22 08:00:00,2608,10,4,2024,Tuesday,Средний
888,69,Планшет,Электроника,6254,2,completed,НСК,2024-10-22 16:00:00,12508,10,4,2024,Tuesday,Высокий
889,34,Планшет,Электроника,11656,1,completed,СПб,2024-10-23 00:00:00,11656,10,4,2024,Wednesday,Высокий
890,6,Телефон,Электроника,11608,2,completed,Екб,2024-10-23 08:00:00,23216,10,4,2024,Wednesday,VIP
893,126,Планшет,Электроника,5810,3,completed,Екб,2024-10-24 08:00:00,17430,10,4,2024,Thursday,Высокий
894,43,Наушники,Аксессуары,10444,1,completed,НСК,2024-10-24 16:00:00,10444,10,4,2024,Thursday,Высокий
895,115,Телефон,Электроника,3110,2,completed,СПб,2024-10-25 00:00:00,6220,10,4,2024,Friday,Высокий
896,111,Наушники,Электроника,12567,3,completed,СПб,2024-10-25 08:00:00,37701,10,4,2024,Friday,VIP
897,151,Ноутбук,Электроника,1604,3,completed,Москва,2024-10-25 16:00:00,4812,10,4,2024,Friday,Средний
898,183,Планшет,Аксессуары,11228,2,completed,СПб,2024-10-26 00:00:00,22456,10,4,2024,Saturday,VIP
899,80,Телефон,Аксессуары,13682,2,completed,Москва,2024-10-26 08:00:00,27364,10,4,2024,Saturday,VIP
900,95,Часы,Аксессуары,13899,4,completed,Казань,2024-10-26 16:00:00,55596,10,4,2024,Saturday,VIP
902,144,Часы,Электроника,4699,3,completed,Казань,2024-10-27 08:00:00,14097,10,4,2024,Sunday,Высокий
904,132,Наушники,Аксессуары,7763,4,completed,СПб,2024-10-28 00:00:00,31052,10,4,2024,Monday,VIP
905,104,Наушники,Аксессуары,12186,1,completed,Москва,2024-10-28 08:00:00,12186,10,4,2024,Monday,Высокий
906,132,Наушники,Аксессуары,2414,3,completed,Екб,2024-10-28 16:00:00,7242,10,4,2024,Monday,Высокий
907,184,Ноутбук,Аксессуары,7865,1,completed,Москва,2024-10-29 00:00:00,7865,10,4,2024,Tuesday,Высокий
908,25,Часы,Аксессуары,3572,3,completed,Казань,2024-10-29 08:00:00,10716,10,4,2024,Tuesday,Высокий
909,195,Наушники,Электроника,9698,3,completed,Москва,2024-10-29 16:00:00,29094,10,4,2024,Tuesday,VIP
910,96,Ноутбук,Аксессуары,906,1,completed,Екб,2024-10-30 00:00:00,906,10,4,2024,Wednesday,Низкий
911,195,Часы,Электроника,14189,1,completed,СПб,2024-10-30 08:00:00,14189,10,4,2024,Wednesday,Высокий
912,155,Телефон,Электроника,666,2,completed,Москва,2024-10-30 16:00:00,1332,10,4,2024,Wednesday,Средний
913,93,Ноутбук,Электроника,1008,2,completed,Казань,2024-10-31 00:00:00,2016,10,4,2024,Thursday,Средний
914,160,Планшет,Электроника,2161,2,completed,Казань,2024-10-31 08:00:00,4322,10,4,2024,Thursday,Средний
915,178,Ноутбук,Электроника,4164,3,completed,СПб,2024-10-31 16:00:00,12492,10,4,2024,Thursday,Высокий
916,61,Ноутбук,Электроника,3989,1,completed,Москва,2024-11-01 00:00:00,3989,11,4,2024,Friday,Средний
917,122,Часы,Электроника,13550,4,completed,Екб,2024-11-01 08:00:00,54200,11,4,2024,Friday,VIP
919,147,Планшет,Электроника,3024,4,completed,Москва,2024-11-02 00:00:00,12096,11,4,2024,Saturday,Высокий
921,5,Наушники,Электроника,5760,3,completed,Казань,2024-11-02 16:00:00,17280,11,4,2024,Saturday,Высокий
922,92,Ноутбук,Электроника,13369,4,completed,Екб,2024-11-03 00:00:00,53476,11,4,2024,Sunday,VIP
923,170,Часы,Аксессуары,4857,4,completed,Екб,2024-11-03 08:00:00,19428,11,4,2024,Sunday,Высокий
924,61,Часы,Аксессуары,1863,2,completed,Екб,2024-11-03 16:00:00,3726,11,4,2024,Sunday,Средний
925,22,Наушники,Аксессуары,10023,2,completed,Казань,2024-11-04 00:00:00,20046,11,4,2024,Monday,VIP
927,70,Телефон,Электроника,2038,3,completed,СПб,2024-11-04 16:00:00,6114,11,4,2024,Monday,Высокий
928,1,Планшет,Аксессуары,3908,1,completed,Москва,2024-11-05 00:00:00,3908,11,4,2024,Tuesday,Средний
929,133,Телефон,Электроника,8242,1,completed,СПб,2024-11-05 08:00:00,8242,11,4,2024,Tuesday,Высокий
931,90,Телефон,Аксессуары,9791,2,completed,Москва,2024-11-06 00:00:00,19582,11,4,2024,Wednesday,Высокий
932,46,Часы,Электроника,2403,2,completed,Екб,2024-11-06 08:00:00,4806,11,4,2024,Wednesday,Средний
933,34,Ноутбук,Аксессуары,674,4,completed,НСК,2024-11-06 16:00:00,2696,11,4,2024,Wednesday,Средний
936,45,Часы,Аксессуары,4787,1,completed,СПб,2024-11-07 16:00:00,4787,11,4,2024,Thursday,Средний
939,26,Ноутбук,Электроника,7606,3,completed,Екб,2024-11-08 16:00:00,22818,11,4,2024,Friday,VIP
940,47,Ноутбук,Электроника,10189,3,completed,НСК,2024-11-09 00:00:00,30567,11,4,2024,Saturday,VIP
941,121,Часы,Аксессуары,12546,4,completed,НСК,2024-11-09 08:00:00,50184,11,4,2024,Saturday,VIP
943,94,Ноутбук,Аксессуары,2067,2,completed,СПб,2024-11-10 00:00:00,4134,11,4,2024,Sunday,Средний
945,63,Наушники,Электроника,8119,2,completed,НСК,2024-11-10 16:00:00,16238,11,4,2024,Sunday,Высокий
947,61,Часы,Электроника,9060,3,completed,НСК,2024-11-11 08:00:00,27180,11,4,2024,Monday,VIP
948,81,Наушники,Аксессуары,5446,4,completed,СПб,2024-11-11 16:00:00,21784,11,4,2024,Monday,VIP
952,8,Часы,Аксессуары,3035,1,completed,Екб,2024-11-13 00:00:00,3035,11,4,2024,Wednesday,Средний
953,113,Часы,Аксессуары,4673,1,completed,Казань,2024-11-13 08:00:00,4673,11,4,2024,Wednesday,Средний
954,99,Планшет,Электроника,11565,2,completed,НСК,2024-11-13 16:00:00,23130,11,4,2024,Wednesday,VIP
955,180,Наушники,Электроника,10516,1,completed,Екб,2024-11-14 00:00:00,10516,11,4,2024,Thursday,Высокий
956,47,Часы,Электроника,1793,1,completed,Москва,2024-11-14 08:00:00,1793,11,4,2024,Thursday,Средний
957,127,Телефон,Электроника,5269,2,completed,Екб,2024-11-14 16:00:00,10538,11,4,2024,Thursday,Высокий
958,56,Телефон,Аксессуары,5296,2,completed,НСК,2024-11-15 00:00:00,10592,11,4,2024,Friday,Высокий
960,28,Наушники,Электроника,14711,2,completed,Казань,2024-11-15 16:00:00,29422,11,4,2024,Friday,VIP
961,78,Часы,Электроника,7371,2,completed,СПб,2024-11-16 00:00:00,14742,11,4,2024,Saturday,Высокий
962,130,Телефон,Аксессуары,12078,3,completed,СПб,2024-11-16 08:00:00,36234,11,4,2024,Saturday,VIP
963,109,Наушники,Электроника,3472,4,completed,НСК,2024-11-16 16:00:00,13888,11,4,2024,Saturday,Высокий
964,154,Ноутбук,Аксессуары,4422,4,completed,СПб,2024-11-17 00:00:00,17688,11,4,2024,Sunday,Высокий
969,7,Наушники,Аксессуары,5787,4,completed,СПб,2024-11-18 16:00:00,23148,11,4,2024,Monday,VIP
970,3,Ноутбук,Электроника,11078,1,completed,СПб,2024-11-19 00:00:00,11078,11,4,2024,Tuesday,Высокий
971,111,Ноутбук,Электроника,2740,4,completed,СПб,2024-11-19 08:00:00,10960,11,4,2024,Tuesday,Высокий
972,151,Планшет,Электроника,1976,2,completed,Казань,2024-11-19 16:00:00,3952,11,4,2024,Tuesday,Средний
973,107,Часы,Электроника,6926,2,completed,Екб,2024-11-20 00:00:00,13852,11,4,2024,Wednesday,Высокий
974,18,Телефон,Электроника,12099,1,completed,Казань,2024-11-20 08:00:00,12099,11,4,2024,Wednesday,Высокий
975,38,Часы,Электроника,889,4,completed,НСК,2024-11-20 16:00:00,3556,11,4,2024,Wednesday,Средний
976,115,Наушники,Аксессуары,1499,4,completed,Москва,2024-11-21 00:00:00,5996,11,4,2024,Thursday,Высокий
977,15,Телефон,Электроника,13312,4,completed,Екб,2024-11-21 08:00:00,53248,11,4,2024,Thursday,VIP
978,192,Планшет,Электроника,2355,3,completed,Москва,2024-11-21 16:00:00,7065,11,4,2024,Thursday,Высокий
979,119,Планшет,Аксессуары,8625,4,completed,НСК,2024-11-22 00:00:00,34500,11,4,2024,Friday,VIP
980,28,Телефон,Электроника,14294,2,completed,НСК,2024-11-22 08:00:00,28588,11,4,2024,Friday,VIP
981,39,Ноутбук,Аксессуары,9350,2,completed,Москва,2024-11-22 16:00:00,18700,11,4,2024,Friday,Высокий
983,17,Наушники,Аксессуары,4163,3,completed,Москва,2024-11-23 08:00:00,12489,11,4,2024,Saturday,Высокий
984,86,Ноутбук,Аксессуары,5486,4,completed,НСК,2024-11-23 16:00:00,21944,11,4,2024,Saturday,VIP
986,44,Телефон,Аксессуары,7756,3,completed,Москва,2024-11-24 08:00:00,23268,11,4,2024,Sunday,VIP
987,25,Часы,Электроника,4231,3,completed,Екб,2024-11-24 16:00:00,12693,11,4,2024,Sunday,Высокий
988,145,Часы,Аксессуары,7762,4,completed,НСК,2024-11-25 00:00:00,31048,11,4,2024,Monday,VIP
989,13,Наушники,Электроника,951,4,completed,Казань,2024-11-25 08:00:00,3804,11,4,2024,Monday,Средний
992,138,Телефон,Электроника,10229,3,completed,СПб,2024-11-26 08:00:00,30687,11,4,2024,Tuesday,VIP
993,67,Часы,Электроника,3593,4,completed,Москва,2024-11-26 16:00:00,14372,11,4,2024,Tuesday,Высокий
994,109,Телефон,Электроника,1382,4,completed,НСК,2024-11-27 00:00:00,5528,11,4,2024,Wednesday,Высокий
995,146,Наушники,Электроника,4908,3,completed,Москва,2024-11-27 08:00:00,14724,11,4,2024,Wednesday,Высокий
996,111,Ноутбук,Аксессуары,4568,1,completed,НСК,2024-11-27 16:00:00,4568,11,4,2024,Wednesday,Средний
997,111,Наушники,Аксессуары,13627,3,completed,Казань,2024-11-28 00:00:00,40881,11,4,2024,Thursday,VIP
998,34,Наушники,Электроника,11258,3,completed,Москва,2024-11-28 08:00:00,33774,11,4,2024,Thursday,VIP
999,111,Телефон,Электроника,3777,4,completed,Екб,2024-11-28 16:00:00,15108,11,4,2024,Thursday,Высокий
1000,8,Ноутбук,Электроника,9066,1,completed,СПб,2024-11-29 00:00:00,9066,11,4,2024,Friday,Высокий
